,rest_names,rest_urls,rest_ratings,price for two,rest_crusine
0,NIC Ice Creams,https://www.zomato.com/visakhapatnam/nic-ice-creams-allipuram-vizag/order,4.5,₹100 for one,"Ice Cream, Desserts"
1,KFC,https://www.zomato.com/visakhapatnam/kfc-1-asilmetta-vizag/order,4.1,₹100 for one,"Burger, Fast Food, Biryani, Desserts, Beverages"
2,New Dhaba Shere-Punjab Pure Veg Restaurant,https://www.zomato.com/visakhapatnam/new-dhaba-shere-punjab-pure-veg-restaurant-allipuram-vizag/order,3.8,₹100 for one,North Indian
3,Kamat Takeaway,https://www.zomato.com/visakhapatnam/kamat-takeaway-siripuram-vizag/order,4.2,₹100 for one,"Biryani, Andhra"
4,The Kitchen,https://www.zomato.com/visakhapatnam/the-kitchen-mvp-colony-vizag/order,3.5,₹100 for one,"North Indian, Chinese, Biryani, South Indian"
5,UBQ By Barbeque Nation,https://www.zomato.com/visakhapatnam/ubq-by-barbeque-nation-siripuram-vizag/order,3.4,₹100 for one,"North Indian, Chinese, Street Food, Kebab, Beverages, Desserts"
6,Jai Jaganath Restaurant,https://www.zomato.com/visakhapatnam/jai-jaganath-restaurant-ram-nagar-vizag/order,3.8,₹100 for one,"Chinese, North Indian"
7,Burger King,https://www.zomato.com/visakhapatnam/burger-king-asilmetta-vizag/order,4.2,₹100 for one,"Burger, Fast Food"
8,Cool Cakes,https://www.zomato.com/visakhapatnam/cool-cakes-dwaraka-nagar-vizag/order,4.3,₹100 for one,Bakery
9,Pizza Hut,https://www.zomato.com/visakhapatnam/pizza-hut-dwaraka-nagar-vizag/order,3.9,₹200 for one,"Pizza, Fast Food, Desserts, Beverages"
10,Eaters Stop,https://www.zomato.com/visakhapatnam/eaters-stop-dwaraka-nagar-vizag/order,4.1,₹200 for one,"South Indian, North Indian, Biryani, Chinese, Sichuan"
11,Satyam Non-Veg Restaurant,https://www.zomato.com/visakhapatnam/satyam-non-veg-restaurant-dwaraka-nagar-vizag/order,4.1,₹200 for one,"Biryani, North Indian, Chinese"
12,Domino's Pizza,https://www.zomato.com/visakhapatnam/dominos-pizza-waltair-uplands-vizag/order,4.0,₹200 for one,"Pizza, Italian, Pasta, Fast Food, Desserts"
13,Real Deepak Punjabi Dhaba,https://www.zomato.com/visakhapatnam/real-deepak-punjabi-dhaba-ram-nagar-vizag/order,4.1,₹200 for one,"North Indian, Biryani, Chinese, Sichuan"
14,Bombay Restaurant-Jyothee Theatre,https://www.zomato.com/visakhapatnam/bombay-restaurant-jyothee-theatre-allipuram-vizag/order,3.9,₹200 for one,"Chinese, Seafood, North Indian, Kebab, Mughlai, Biryani"
15,The Spicy Venue,https://www.zomato.com/visakhapatnam/the-spicy-venue-siripuram-vizag/order,4.3,₹200 for one,"North Indian, Chinese, Andhra, Biryani, Sichuan"
16,S.Kota's Hotel Muntaj,https://www.zomato.com/visakhapatnam/s-kotas-hotel-muntaj-venkojipalem-vizag/order,4.1,₹200 for one,"Biryani, Chinese, North Indian"
17,New Satyam Multicuisine Restaurant & Takeaway,https://www.zomato.com/visakhapatnam/new-satyam-multicuisine-restaurant-takeaway-dwaraka-nagar-vizag/order,4.2,₹200 for one,"Biryani, Chinese, Andhra, North Indian, Mughlai, Sichuan"
18,Venkatadri Vantillu,https://www.zomato.com/visakhapatnam/venkatadri-vantillu-asilmetta-vizag/order,4.3,₹200 for one,"South Indian, Beverages, Desserts"
19,Biryanis And More,https://www.zomato.com/visakhapatnam/biryanis-and-more-2-siripuram-vizag/order,4.0,₹200 for one,"Biryani, South Indian, Chinese, Andhra, Sichuan"
20,The Rasoi,https://www.zomato.com/visakhapatnam/the-rasoi-ram-nagar-vizag/order,4.2,₹200 for one,North Indian
21,Abhiruchi Biryani,https://www.zomato.com/visakhapatnam/abhiruchi-biryani-maddilapalem-vizag/order,3.6,₹250 for one,Biryani
22,Chutneys Diamond Park,https://www.zomato.com/visakhapatnam/chutneys-diamond-park-dwaraka-nagar-vizag/order,4.2,₹250 for one,"South Indian, Chinese, North Indian, Beverages, Biryani, Desserts, Sichuan"
23,Sweet India Foods,https://www.zomato.com/visakhapatnam/sweet-india-foods-ram-nagar-vizag/order,4.3,₹250 for one,"Desserts, Street Food"
24,Celebrations Restaurant,https://www.zomato.com/visakhapatnam/celebrations-restaurant-akkayyapalem-vizag/order,4.3,₹250 for one,"Continental, Chinese, South Indian, Biryani, Andhra, North Indian, Kebab, Ice Cream"
25,Spicy Paradise Restaurant,https://www.zomato.com/visakhapatnam/spicy-paradise-restaurant-jagadamba-junction-vizag/order,4.0,₹250 for one,"Biryani, North Indian, Chinese, South Indian, Sichuan, BBQ"
26,Alpha Hotel -Since 1948,https://www.zomato.com/visakhapatnam/alpha-hotel-since-1948-jagadamba-junction-vizag/order,4.0,₹250 for one,"Biryani, Seafood, North Indian, Arabian, Chinese"
27,New Dhaba City Punjab,https://www.zomato.com/visakhapatnam/new-dhaba-city-punjab-balayya-sastri-layout-vizag/order,4.2,₹250 for one,"Biryani, North Indian, Chinese, Kebab"
28,Helapuri Restaurant-Diamond Park,https://www.zomato.com/visakhapatnam/helapuri-restaurant-diamond-park-dwaraka-nagar-vizag/order,4.2,₹250 for one,"North Indian, Chinese, Biryani, Mughlai, Seafood, Ice Cream, Beverages"
29,Sri Sairam Parlour,https://www.zomato.com/visakhapatnam/sri-sairam-parlour-dwaraka-nagar-vizag/order,4.3,₹250 for one,"South Indian, North Indian, Chinese"
30,72 Biryani's,https://www.zomato.com/visakhapatnam/72-biryanis-mvp-colony-vizag/order,3.6,₹250 for one,Biryani
31,Paradise Biryani,https://www.zomato.com/visakhapatnam/paradise-biryani-waltair-uplands-vizag/order,3.7,₹250 for one,"North Indian, Chinese, Kebab"
32,SVS Paradise,https://www.zomato.com/visakhapatnam/svs-paradise-kancharapalem-vizag/order,3.7,₹250 for one,"Chinese, Biryani, North Indian, Beverages"
33,Bombay Restaurant-Dabagardens,https://www.zomato.com/visakhapatnam/bombay-restaurant-dabagardens-allipuram-vizag/order,3.7,₹200 for one,"Chinese, North Indian, Kebab, Mughlai, Biryani, Seafood"
34,Hotel Diamond Alpha Biryani,https://www.zomato.com/visakhapatnam/hotel-diamond-alpha-biryani-madhavadhara-vizag/order,3.9,₹200 for one,Biryani
35,Shree Shyam Restaurant,https://www.zomato.com/visakhapatnam/shree-shyam-restaurant-allipuram-vizag/order,3.7,₹200 for one,North Indian
36,New Satyam Ritz Comfort,https://www.zomato.com/visakhapatnam/new-satyam-ritz-comfort-dwaraka-nagar-vizag/order,4.1,₹200 for one,Biryani
37,Royal Rajasthan Restaurant,https://www.zomato.com/visakhapatnam/royal-rajasthan-restaurant-allipuram-vizag/order,3.8,₹200 for one,North Indian
38,Konaseema Biryani,https://www.zomato.com/visakhapatnam/konaseema-biryani-maddilapalem-vizag/order,3.6,₹200 for one,"Biryani, Chinese, Andhra"
39,New Muntaj Biryani,https://www.zomato.com/visakhapatnam/new-muntaj-biryani-balayya-sastri-layout-vizag/order,3.3,₹200 for one,"Biryani, Chinese, North Indian"
40,Subbaiah Gari Hotel,https://www.zomato.com/visakhapatnam/subbaiah-gari-hotel-dondaparithy-vizag/order,4.2,₹200 for one,"Andhra, Mithai"
41,Jingle Bells,https://www.zomato.com/visakhapatnam/jingle-bells-sagar-nagar-vizag/order,3.5,₹200 for one,"Chinese, Beverages"
42,Zeeshan Restaurant - Apna Hyderabadi Food,https://www.zomato.com/visakhapatnam/zeeshan-restaurant-apna-hyderabadi-food-jagadamba-junction-vizag/order,4.1,₹200 for one,"Chinese, North Indian, Mughlai, Biryani, Kebab, Juices, Shake, Beverages"
43,CakeZone,https://www.zomato.com/visakhapatnam/cakezone-dwaraka-nagar-vizag/order,4.1,₹200 for one,"Desserts, Bakery, Ice Cream"
44,Asha Family Restaurant & Fast Foods,https://www.zomato.com/visakhapatnam/asha-family-restaurant-fast-foods-lawsons-bay-vizag/order,3.2,₹200 for one,"Biryani, Chinese, Seafood"
45,Yasoddha Noodles Point,https://www.zomato.com/visakhapatnam/yasoddha-noodles-point-lawsons-bay-vizag/order,4.0,₹150 for one,"Chinese, Biryani, North Indian"
46,Grand Sri Sai Ram Parlour,https://www.zomato.com/visakhapatnam/grand-sri-sai-ram-parlour-dwaraka-nagar-vizag/order,3.8,₹150 for one,"South Indian, Andhra"
47,Rizvi,https://www.zomato.com/visakhapatnam/rizvi-dwaraka-nagar-vizag/order,4.1,₹150 for one,"Biryani, South Indian"
48,Cake Shop,https://www.zomato.com/visakhapatnam/cake-shop-maddilapalem-vizag/order,3.6,₹150 for one,"Chinese, Bakery, Fast Food, Sichuan"
49,McDonald's,https://www.zomato.com/visakhapatnam/mcdonalds-7-maddilapalem-vizag/order,4.2,₹150 for one,"Burger, Fast Food"
50,Reboot Dine In,https://www.zomato.com/visakhapatnam/reboot-dine-in-sagar-nagar-vizag/order,4.0,₹150 for one,"Biryani, North Indian, Chinese, Andhra, Sichuan"
51,Red Velvet,https://www.zomato.com/visakhapatnam/red-velvet-1-mvp-colony-vizag/order,4.3,₹150 for one,"Sandwich, Burger, Pizza, Fast Food, Chinese, Shake, Beverages, Desserts"
52,Haribabu Food Plaza,https://www.zomato.com/visakhapatnam/haribabu-food-plaza-maddilapalem-vizag/order,3.5,₹150 for one,"Biryani, Chinese, South Indian, Sichuan"
53,Tollywood Food Court,https://www.zomato.com/visakhapatnam/tollywood-food-court-dwaraka-nagar-vizag/order,3.8,₹150 for one,"Chinese, Biryani, Rolls, Sichuan"
54,LUQ Food Plaza,https://www.zomato.com/visakhapatnam/luq-food-plaza-dondaparithy-vizag/order,3.6,₹150 for one,"Seafood, Fast Food"
55,Chutnees,https://www.zomato.com/visakhapatnam/chutnees-dondaparithy-vizag/order,4.3,₹150 for one,"South Indian, North Indian, Andhra"
56,Tandoori Treats,https://www.zomato.com/visakhapatnam/tandoori-treats-1-siripuram-vizag/order,3.5,₹150 for one,"North Indian, Biryani, Chinese, Sichuan"
57,AK's Taste Well Fast Foods,https://www.zomato.com/visakhapatnam/aks-taste-well-fast-foods-dwaraka-nagar-vizag/order,4.1,₹300 for one,"Chinese, North Indian, Sichuan"
58,Food Pot,https://www.zomato.com/visakhapatnam/food-pot-allipuram-vizag/order,3.7,₹300 for one,"North Indian, Seafood, Chinese, Biryani"
59,Teenage Point,https://www.zomato.com/visakhapatnam/teenage-point-mvp-colony-vizag/order,3.9,₹300 for one,"Chinese, North Indian, Biryani"
60,Kalyani Mess,https://www.zomato.com/visakhapatnam/kalyani-mess-mvp-colony-vizag/order,4.0,₹300 for one,"Biryani, Chinese, South Indian, North Indian, Mughlai, Sichuan"
61,Laddu Gopal,https://www.zomato.com/visakhapatnam/laddu-gopal-1-waltair-uplands-vizag/order,4.3,₹300 for one,"Mithai, Street Food, Bakery"
62,Ganesh Parlour,https://www.zomato.com/visakhapatnam/ganesh-parlour-allipuram-vizag/order,4.1,₹300 for one,"South Indian, Chinese, North Indian"
63,Subway,https://www.zomato.com/visakhapatnam/subway-mvp-colony-vizag/order,4.1,₹300 for one,"Healthy Food, Fast Food, Sandwich, Salad, Beverages, Wraps"
64,Swagrama Food Court,https://www.zomato.com/visakhapatnam/swagrama-food-court-madhavadhara-vizag/order,4.1,₹300 for one,"North Indian, Biryani, Chinese, Sichuan, Andhra"
65,Home Food Co.,https://www.zomato.com/visakhapatnam/home-food-co-1-mvp-colony-vizag/order,4.0,₹300 for one,Fast Food
66,Swap,https://www.zomato.com/visakhapatnam/swap-lawsons-bay-vizag/order,4.2,₹300 for one,Healthy Food
67,Naidu Gari Kunda Biryani,https://www.zomato.com/visakhapatnam/naidu-gari-kunda-biryani-mvp-colony-vizag/order,3.5,₹300 for one,"Chinese, South Indian, Kebab, North Indian, Biryani, Mughlai"
68,Raju's Kitchen,https://www.zomato.com/visakhapatnam/rajus-kitchen-seethammadhara-vizag/order,4.1,₹300 for one,"Biryani, Chinese, North Indian, Fast Food, South Indian"
69,Refresh Fast Food & Bakery,https://www.zomato.com/visakhapatnam/refresh-fast-food-bakery-dwaraka-nagar-vizag/order,3.1,₹100 for one,"Bakery, Desserts, Chinese, Fast Food, Shake, Sichuan"
70,Barbeque Nation,https://www.zomato.com/visakhapatnam/barbeque-nation-siripuram-vizag/order,3.6,₹100 for one,"North Indian, Biryani, Kebab, Beverages, Desserts"
71,Cream Stone Ice Cream,https://www.zomato.com/visakhapatnam/cream-stone-ice-cream-siripuram-vizag/order,4.1,₹100 for one,"Ice Cream, Shake"
72,Sri Sai Manikanta Cake World,https://www.zomato.com/visakhapatnam/sri-sai-manikanta-cake-world-asilmetta-vizag/order,3.2,₹100 for one,"Bakery, Chinese, Fast Food, Shake, Sichuan"
73,Lucky Tiffins,https://www.zomato.com/visakhapatnam/lucky-tiffins-mvp-colony-vizag/order,4.2,₹100 for one,South Indian
74,The Red Box,https://www.zomato.com/visakhapatnam/the-red-box-mvp-colony-vizag/order,3.7,₹100 for one,"Chinese, Momos, Thai, Asian, Sichuan"
75,The Arabian Restaurant,https://www.zomato.com/visakhapatnam/the-arabian-restaurant-marripalem-vizag/order,3.5,₹100 for one,"Arabian, North Indian, Chinese, Biryani"
76,Behrouz Biryani,https://www.zomato.com/visakhapatnam/behrouz-biryani-dwaraka-nagar-vizag/order,3.8,₹100 for one,"Biryani, Kebab, Hyderabadi, Lucknowi"
77,Ravi's Kitchen Non-Veg Restaurant,https://www.zomato.com/visakhapatnam/ravis-kitchen-non-veg-restaurant-lawsons-bay-vizag/order,3.8,₹100 for one,"North Indian, Biryani, Continental, Seafood, Chinese, Shake, Sichuan"
78,The Arabian Kitchen,https://www.zomato.com/visakhapatnam/the-arabian-kitchen-kancharapalem-vizag/order,3.3,₹100 for one,"Biryani, Mandi, Chinese, North Indian, Mughlai"
79,CakesDen,https://www.zomato.com/visakhapatnam/cakesden-dwaraka-nagar-vizag/order,4.2,₹100 for one,Bakery
80,Somaa Restobar,https://www.zomato.com/visakhapatnam/somaa-restobar-4-asilmetta-vizag/order,4.1,₹100 for one,"Biryani, Andhra, Chinese, Continental, Hyderabadi, Beverages, North Indian, Kebab"
81,Creme Shakes,https://www.zomato.com/visakhapatnam/creme-shakes-balayya-sastri-layout-vizag/order,4.0,₹200 for one,"Shake, Desserts, Beverages"
82,New Kalyani Mess,https://www.zomato.com/visakhapatnam/new-kalyani-mess-dwaraka-nagar-vizag/order,4.3,₹200 for one,"Chinese, South Indian, North Indian"
83,Yasoddha Food Express,https://www.zomato.com/visakhapatnam/yasoddha-food-express-mvp-colony-vizag/order,3.7,₹200 for one,"Biryani, Andhra, Chinese, Rolls, Sichuan"
84,Food Ex,https://www.zomato.com/visakhapatnam/food-ex-siripuram-vizag/order,4.1,₹200 for one,"Burger, Fast Food, Pizza"
85,Gatox Natural Ice Cream,https://www.zomato.com/visakhapatnam/gatox-natural-ice-cream-ram-nagar-vizag/order,4.5,₹200 for one,"Ice Cream, Beverages, Shake"
86,Sri Sai Chinese Restaurant,https://www.zomato.com/visakhapatnam/sri-sai-chinese-restaurant-seethammadhara-vizag/order,3.3,₹200 for one,"Biryani, Chinese, Fast Food, Sichuan"
87,Lassi Shop,https://www.zomato.com/visakhapatnam/lassi-shop-maharani-peta-vizag/order,4.0,₹200 for one,"Beverages, Desserts, Ice Cream"
88,Dayaram Sweets,https://www.zomato.com/visakhapatnam/dayaram-sweets-maddilapalem-vizag/order,4.3,₹200 for one,Mithai
89,Snow Dunes,https://www.zomato.com/visakhapatnam/snow-dunes-dwaraka-nagar-vizag/order,4.1,₹200 for one,"Bakery, Pizza, Fast Food, Chinese, Sandwich, Burger, Ice Cream, Beverages"
90,Hotel Maa Nethi Vindu,https://www.zomato.com/visakhapatnam/hotel-maa-nethi-vindu-ram-nagar-vizag/order,4.1,₹200 for one,"South Indian, North Indian, Biryani, Beverages"
91,Southern Foods,https://www.zomato.com/visakhapatnam/southern-foods-maddilapalem-vizag/order,3.8,₹200 for one,"Chinese, Seafood, Biryani, North Indian, Kebab, Mughlai, Desserts"
92,The Shawarma Co.,https://www.zomato.com/visakhapatnam/the-shawarma-co-mvp-colony-vizag/order,3.9,₹200 for one,"Lebanese, Fast Food"
93,Kanhaji Family Restaurant,https://www.zomato.com/visakhapatnam/kanhaji-family-restaurant-allipuram-vizag/order,4.2,₹150 for one,"Chinese, North Indian, Rajasthani"
94,Red Pepper Family Restaurant,https://www.zomato.com/visakhapatnam/red-pepper-family-restaurant-balayya-sastri-layout-vizag/order,3.8,₹150 for one,"North Indian, Biryani, Chinese, Mughlai"
95,Hyderabad Chorasta Biryani,https://www.zomato.com/visakhapatnam/hyderabad-chorasta-biryani-dwaraka-nagar-vizag/order,3.5,₹150 for one,"Biryani, Chinese, North Indian"
96,7th Heaven,https://www.zomato.com/visakhapatnam/7th-heaven-dwaraka-nagar-vizag/order,4.2,₹150 for one,"Bakery, Desserts, Ice Cream, Beverages, Shake"
97,Sisara Dine In,https://www.zomato.com/visakhapatnam/sisara-dine-in-balayya-sastri-layout-vizag/order,3.9,₹150 for one,"Biryani, Chinese, South Indian, Sichuan"
98,Royal Berry And Royal Cream Shakes,https://www.zomato.com/visakhapatnam/royal-berry-and-royal-cream-shakes-sagar-nagar-vizag/order,3.9,₹150 for one,"Ice Cream, Beverages, Desserts, Shake"
99,Cafe Military,https://www.zomato.com/visakhapatnam/cafe-military-venkojipalem-vizag/order,4.1,₹150 for one,"South Indian, Biryani, North Indian, Chinese"
100,Grill Citi,https://www.zomato.com/visakhapatnam/grill-citi-lawsons-bay-vizag/order,4.3,₹150 for one,"Shawarma, Kebab, North Indian"
101,Hunger Wheelz,https://www.zomato.com/visakhapatnam/hunger-wheelz-1-seethammadhara-vizag/order,4.3,₹150 for one,South Indian
102,Masaledaar Desi Rasoi,https://www.zomato.com/visakhapatnam/masaledaar-desi-rasoi-dwaraka-nagar-vizag/order,4.1,₹150 for one,"North Indian, Chinese, Desserts, Beverages"
103,Ak Coastal Kitchen,https://www.zomato.com/visakhapatnam/ak-coastal-kitchen-sagar-nagar-vizag/order,3.8,₹150 for one,"Chinese, Biryani, North Indian, South Indian, Beverages, Sichuan"
104,Bakers Hub,https://www.zomato.com/visakhapatnam/bakers-hub-asilmetta-vizag/order,4.3,₹150 for one,"Bakery, Sandwich, Fast Food, Desserts, Shake"
105,Biryani Ka Badshah,https://www.zomato.com/visakhapatnam/biryani-ka-badshah-maddilapalem-vizag/order,3.5,₹300 for one,"Biryani, North Indian, Chinese, Sichuan"
106,The Desi Village - Donne Biryani,https://www.zomato.com/visakhapatnam/the-desi-village-donne-biryani-vishalaksmi-nagar-vizag/order,4.0,₹300 for one,"Biryani, Chinese, South Indian"
107,Sardaar-E-Khaas,https://www.zomato.com/visakhapatnam/sardaar-e-khaas-lawsons-bay-vizag/order,3.7,₹300 for one,"North Indian, Chinese, Biryani, Mughlai"
108,The Dessert Heaven - Pure Veg,https://www.zomato.com/visakhapatnam/the-dessert-heaven-pure-veg-dwaraka-nagar-vizag/order,4.0,₹300 for one,"Waffle, Desserts"
109,Million Cafe,https://www.zomato.com/visakhapatnam/million-cafe-1-sagar-nagar-vizag/order,4.3,₹300 for one,"Chinese, North Indian"
110,Sri Siva Sai Good Foods,https://www.zomato.com/visakhapatnam/sri-siva-sai-good-foods-ram-nagar-vizag/order,4.4,₹300 for one,"South Indian, Beverages"
111,Inavars,https://www.zomato.com/visakhapatnam/inavars-maddilapalem-vizag/order,4.3,₹300 for one,"Biryani, North Indian"
112,Visakha Dosa Point,https://www.zomato.com/visakhapatnam/visakha-dosa-point-ram-nagar-vizag/order,3.9,₹300 for one,South Indian
113,Hyderabadi Bawarchi,https://www.zomato.com/visakhapatnam/hyderabadi-bawarchi-siripuram-vizag/order,4.1,₹300 for one,"Biryani, North Indian, Chinese"
114,Mandi Croods,https://www.zomato.com/visakhapatnam/mandi-croods-chinna-waltair-vizag/order,3.8,₹300 for one,"Biryani, Fast Food, Arabian"
115,Ovenstory Pizza,https://www.zomato.com/visakhapatnam/ovenstory-pizza-dwaraka-nagar-vizag/order,4.0,₹300 for one,"Pizza, Fast Food"
116,Kritunga,https://www.zomato.com/visakhapatnam/kritunga-dwaraka-nagar-vizag/order,3.6,₹300 for one,"Biryani, North Indian"
117,Sri Chiru Food Court,https://www.zomato.com/visakhapatnam/sri-chiru-food-court-akkayyapalem-vizag/order,3.4,₹200 for one,"Chinese, Sichuan"
118,Arabian Shawarma,https://www.zomato.com/visakhapatnam/arabian-shawarma-sagar-nagar-vizag/order,3.7,₹200 for one,"Rolls, Fast Food"
119,DFC - Deccan Fried Chicken,https://www.zomato.com/visakhapatnam/dfc-deccan-fried-chicken-madhavadhara-vizag/order,3.9,₹200 for one,"Fast Food, Burger, Pizza, Beverages"
120,Arun's Paradise Restaurant,https://www.zomato.com/visakhapatnam/aruns-paradise-restaurant-mvp-colony-vizag/order,3.7,₹200 for one,"Biryani, North Indian, Chinese, Sichuan"
121,Golden Alfa Biryani's,https://www.zomato.com/visakhapatnam/golden-alfa-biryanis-allipuram-vizag/order,3.2,₹200 for one,"Biryani, North Indian"
122,Foodies Dine,https://www.zomato.com/visakhapatnam/foodies-dine-dwaraka-nagar-vizag/order,4.0,₹200 for one,"Biryani, North Indian, Chinese, Desserts, Mughlai, Seafood, Shake"
123,B'Treats Restaurant,https://www.zomato.com/visakhapatnam/btreats-restaurant-balayya-sastri-layout-vizag/order,3.8,₹200 for one,"Biryani, South Indian, Chinese, North Indian"
124,The Legendairy Milkshakes,https://www.zomato.com/visakhapatnam/the-legendairy-milkshakes-maddilapalem-vizag/order,4.4,₹200 for one,"Beverages, Shake"
125,Tibb's Frankie - Serving Rolls Since 1969,https://www.zomato.com/visakhapatnam/tibbs-frankie-serving-rolls-since-1969-kirlampudi-layout-vizag/order,3.8,₹200 for one,Rolls
126,Hotel Amaravati,https://www.zomato.com/visakhapatnam/hotel-amaravati-allipuram-vizag/order,4.0,₹200 for one,"North Indian, South Indian"
127,S.S.M Cake World,https://www.zomato.com/visakhapatnam/s-s-m-cake-world-asilmetta-vizag/order,3.5,₹200 for one,"Bakery, Chinese, Sichuan"
128,Five Star & Koli Hut,https://www.zomato.com/visakhapatnam/five-star-koli-hut-1-siripuram-vizag/order,4.3,₹200 for one,"Fast Food, Burger, Rolls"
129,Lassi Shop,https://www.zomato.com/visakhapatnam/lassi-shop-asilmetta-vizag/order,4.3,₹150 for one,"Beverages, Juices, Ice Cream, Fast Food"
130,Angel's Dine,https://www.zomato.com/visakhapatnam/angels-dine-vishalaksmi-nagar-vizag/order,3.9,₹150 for one,"North Indian, Chinese, Biryani"
131,ibaco,https://www.zomato.com/visakhapatnam/ibaco-siripuram-vizag/order,4.3,₹150 for one,"Ice Cream, Desserts"
132,Visakha Bhunia Fast Food Restaurant,https://www.zomato.com/visakhapatnam/visakha-bhunia-fast-food-restaurant-maddilapalem-vizag/order,4.1,₹150 for one,"Biryani, Chinese, Fast Food"
133,The Thickshake Factory,https://www.zomato.com/visakhapatnam/the-thickshake-factory-kirlampudi-layout-vizag/order,4.4,₹150 for one,"Beverages, American"
134,Jaipur Restaurant,https://www.zomato.com/visakhapatnam/jaipur-restaurant-1-allipuram-vizag/order,3.2,₹150 for one,North Indian
135,Faasos - Wraps & Rolls,https://www.zomato.com/visakhapatnam/faasos-wraps-rolls-dwaraka-nagar-vizag/order,3.8,₹150 for one,"Rolls, Fast Food, Wraps, Desserts"
136,Maa Nethi Vindu,https://www.zomato.com/visakhapatnam/maa-nethi-vindu-siripuram-vizag/order,4.4,₹150 for one,"South Indian, Biryani, Chinese"
137,Cake Studio,https://www.zomato.com/visakhapatnam/cake-studio-dwaraka-nagar-vizag/order,4.2,₹150 for one,Bakery
138,Pastry Chef,https://www.zomato.com/visakhapatnam/pastry-chef-madhavadhara-vizag/order,4.5,₹150 for one,"Bakery, Desserts, Chinese, Pizza, Sandwich, Fast Food, Sichuan, Beverages"
139,Spicy Pizzeria,https://www.zomato.com/visakhapatnam/spicy-pizzeria-mvp-colony-vizag/order,3.8,₹150 for one,"Pizza, Fast Food"
140,Tycoon Multicuisine Restaurant,https://www.zomato.com/visakhapatnam/tycoon-multicuisine-restaurant-asilmetta-vizag/order,3.8,₹150 for one,"North Indian, Desserts, Chinese, Beverages, Sichuan"
141,Taste Well Frankies,https://www.zomato.com/visakhapatnam/taste-well-frankies-maharani-peta-vizag/order,3.8,₹200 for one,"Chinese, Fast Food, Rolls, Biryani, Shake, Sichuan"
142,New Dhaba Sher-E-Punjab Veg & Non Veg Restaurant,https://www.zomato.com/visakhapatnam/new-dhaba-sher-e-punjab-veg-non-veg-restaurant-balayya-sastri-layout-vizag/order,3.7,₹200 for one,"North Indian, Chinese, Biryani"
143,Dhaba City Punjab,https://www.zomato.com/visakhapatnam/dhaba-city-punjab-siripuram-vizag/order,3.9,₹200 for one,North Indian
144,Italiyo,https://www.zomato.com/visakhapatnam/italiyo-mvp-colony-vizag/order,3.5,₹200 for one,"Burger, Pizza, Pasta, Sandwich, Fast Food, Desserts"
145,Sri Siva Priya Mess,https://www.zomato.com/visakhapatnam/sri-siva-priya-mess-mvp-colony-vizag/order,4.3,₹200 for one,"South Indian, Chinese, North Indian"
146,Hedwig Kitchens,https://www.zomato.com/visakhapatnam/hedwig-kitchens-dwaraka-nagar-vizag/order,4.0,₹200 for one,"Chinese, Biryani, South Indian, Sandwich, Desserts, Shake"
147,Six Degrees,https://www.zomato.com/visakhapatnam/six-degrees-mvp-colony-vizag/order,3.9,₹200 for one,"South Indian, Chinese, Continental, Italian, North Indian"
148,New Mumbai Punjabi Dhabha,https://www.zomato.com/visakhapatnam/new-mumbai-punjabi-dhabha-allipuram-vizag/order,4.2,₹200 for one,North Indian
149,Daspalla Executive Court,https://www.zomato.com/visakhapatnam/daspalla-executive-court-ram-nagar-vizag/order,4.1,₹200 for one,"North Indian, Chinese, Continental, South Indian"
150,The Belgian Waffle Co.,https://www.zomato.com/visakhapatnam/the-belgian-waffle-co-siripuram-vizag/order,4.5,₹200 for one,"Waffle, Pancake, Desserts, Ice Cream, Beverages"
151,Gautam Restaurant & Sweets,https://www.zomato.com/visakhapatnam/gautam-restaurant-sweets-jagadamba-junction-vizag/order,3.8,₹200 for one,"South Indian, North Indian, Mithai, Chinese, Street Food"
152,Wonton Momos,https://www.zomato.com/wonton-momos-food-truck/order,3.4,₹200 for one,Momos
153,Wonton Momos,https://www.zomato.com/visakhapatnam/wonton-momos-seethammadhara-vizag/order,3.8,₹100 for one,"Momos, Rolls"
154,4 Seasons,https://www.zomato.com/visakhapatnam/4-seasons-asilmetta-vizag/order,4.0,₹100 for one,"North Indian, Chinese, Fast Food, Biryani, Desserts, Beverages, Shake, Sichuan"
155,Pizza Day,https://www.zomato.com/visakhapatnam/pizza-day-balayya-sastri-layout-vizag/order,3.9,₹100 for one,"Pizza, Fast Food"
156,Home Food Co Bakery,https://www.zomato.com/visakhapatnam/home-food-co-bakery-mvp-colony-vizag/order,4.0,₹100 for one,"Bakery, Desserts"
157,"Fresh Choice- Patisserie, Bakery & Café",https://www.zomato.com/visakhapatnam/fresh-choice-patisserie-bakery-café-siripuram-vizag/order,4.2,₹100 for one,"Bakery, Cafe, Shake"
158,Sri Sairam Tiffin & Meals,https://www.zomato.com/visakhapatnam/sri-sairam-tiffin-meals-maddilapalem-vizag/order,3.7,₹100 for one,South Indian
159,Just Bake,https://www.zomato.com/visakhapatnam/just-bake-madhavadhara-vizag/order,4.1,₹100 for one,"Bakery, Desserts, Fast Food"
160,Taco Bell,https://www.zomato.com/visakhapatnam/taco-bell-dwaraka-nagar-vizag/order,3.5,₹100 for one,Mexican
161,Kelvin Scale - Natural Ice Creams And Waffle,https://www.zomato.com/visakhapatnam/kelvin-scale-natural-ice-creams-and-waffle-mvp-colony-vizag/order,4.3,₹100 for one,"Desserts, Ice Cream, Beverages"
162,Guma Gumalu Curry's Meals & Biryani,https://www.zomato.com/visakhapatnam/guma-gumalu-currys-meals-biryani-akkayyapalem-vizag/order,3.0,₹100 for one,"Hyderabadi, Biryani"
163,Sri Devi Hotel,https://www.zomato.com/visakhapatnam/sri-devi-hotel-1-mvp-colony-vizag/order,3.9,₹100 for one,"South Indian, Andhra"
164,Gadiraju Palace,https://www.zomato.com/visakhapatnam/gadiraju-palace-mvp-colony-vizag/order,4.1,₹100 for one,"South Indian, Chinese, North Indian, Sichuan"
165,Olive Grill,https://www.zomato.com/olive-grill-food-truck/order,3.8,₹150 for one,"Chinese, North Indian, Sichuan"
166,Hotel V Pride,https://www.zomato.com/visakhapatnam/hotel-v-pride-allipuram-vizag/order,3.8,₹150 for one,"North Indian, Biryani, Chinese, South Indian, Shake, Mughlai, Sichuan"
167,Mandi Darbar Nawabe Restaurant,https://www.zomato.com/visakhapatnam/mandi-darbar-nawabe-restaurant-marripalem-vizag/order,3.5,₹150 for one,"Biryani, Fast Food"
168,SVR Hotel,https://www.zomato.com/visakhapatnam/svr-hotel-madhavadhara-vizag/order,3.8,₹150 for one,South Indian
169,Gowrishankar Parlour,https://www.zomato.com/visakhapatnam/gowrishankar-parlour-seethammadhara-vizag/order,3.8,₹150 for one,South Indian
170,Hello Vizag Restaurant,https://www.zomato.com/visakhapatnam/hello-vizag-restaurant-dwaraka-nagar-vizag/order,3.6,₹150 for one,"North Indian, Chinese, Biryani, Seafood, Shawarma, Mughlai, Rolls, Momos"
171,8 - 2 - 8 Chef,https://www.zomato.com/visakhapatnam/8-2-8-chef-mvp-colony-vizag/order,3.9,₹150 for one,"Biryani, Chinese, North Indian"
172,Hashtag Restro Cafe,https://www.zomato.com/visakhapatnam/hashtag-restro-cafe-lawsons-bay-vizag/order,3.5,₹150 for one,"Chinese, Continental, North Indian, Biryani, Sichuan"
173,Nimantran Inn,https://www.zomato.com/visakhapatnam/nimantran-inn-allipuram-vizag/order,4.5,₹150 for one,Bengali
174,Kolkata Famous Egg Rolls,https://www.zomato.com/visakhapatnam/kolkata-famous-egg-rolls-madhavadhara-vizag/order,4.0,₹150 for one,"Rolls, Momos, Kebab, Fast Food"
175,Soup Stop,https://www.zomato.com/visakhapatnam/soup-stop-dwaraka-nagar-vizag/order,4.0,₹150 for one,"Chinese, Beverages, Sichuan"
176,Sri Hanuman Bakery & Sweets,https://www.zomato.com/visakhapatnam/sri-hanuman-bakery-sweets-mvp-colony-vizag/order,4.0,₹150 for one,Fast Food
177,Juice Cafe,https://www.zomato.com/visakhapatnam/juice-cafe-2-dondaparithy-vizag/order,4.3,₹100 for one,"Juices, Beverages, Salad, Shake"
178,Varun's Eat,https://www.zomato.com/visakhapatnam/varuns-eat-maharani-peta-vizag/order,4.2,₹100 for one,"North Indian, South Indian, Chinese, Desserts, Beverages, Shake"
179,Visakha Fast Food Centre,https://www.zomato.com/visakhapatnam/visakha-fast-food-centre-dwaraka-nagar-vizag/order,3.9,₹100 for one,"Street Food, Chinese"
180,Vizag Dosa Factory,https://www.zomato.com/vizag-dosa-factory-food-truck/order,4.5,₹100 for one,South Indian
181,Sarvani Sweets,https://www.zomato.com/visakhapatnam/sarvani-sweets-siripuram-vizag/order,4.4,₹100 for one,"Mithai, Bakery, Desserts"
182,Hotel Sri Sai 24/7,https://www.zomato.com/visakhapatnam/hotel-sri-sai-24-7-dwaraka-nagar-vizag/order,3.6,₹100 for one,"South Indian, Chinese"
183,Creme Castle,https://www.zomato.com/visakhapatnam/creme-castle-1-balayya-sastri-layout-vizag/order,3.5,₹100 for one,Ice Cream
184,Drnk Lab,https://www.zomato.com/visakhapatnam/drnk-lab-seethammadhara-vizag/order,4.2,₹100 for one,"Chinese, Pizza, Sandwich, Burger, Fast Food, Desserts, Shake, Beverages"
185,People's Kitchen,https://www.zomato.com/visakhapatnam/peoples-kitchen-lawsons-bay-vizag/order,4.2,₹100 for one,"South Indian, North Indian, Chinese, Mughlai"
186,Swadham-Northway Hotel,https://www.zomato.com/visakhapatnam/swadham-northway-hotel-allipuram-vizag/order,4.0,₹100 for one,"North Indian, Chinese, South Indian, Desserts, Sichuan"
187,Diamond Pearl- Saffron,https://www.zomato.com/visakhapatnam/diamond-pearl-saffron-dwaraka-nagar-vizag/order,4.1,₹100 for one,"North Indian, Chinese, Continental, South Indian"
188,The Good Bowl,https://www.zomato.com/visakhapatnam/the-good-bowl-dwaraka-nagar-vizag/order,3.8,₹100 for one,"North Indian, Pasta, Italian"
189,House Of Dosas,https://www.zomato.com/visakhapatnam/house-of-dosas-1-kirlampudi-layout-vizag/order,4.5,₹200 for one,South Indian
190,Open House - Hotel Royal Fort,https://www.zomato.com/visakhapatnam/open-house-hotel-royal-fort-ram-nagar-vizag/order,4.3,₹200 for one,"North Indian, South Indian, Chinese, Continental"
191,Cake World,https://www.zomato.com/visakhapatnam/cake-world-1-dwaraka-nagar-vizag/order,3.7,₹200 for one,"Bakery, Desserts, Chinese, Fast Food, Sichuan"
192,We Bake Love,https://www.zomato.com/visakhapatnam/we-bake-love-maddilapalem-vizag/order,3.7,₹200 for one,"Bakery, Desserts"
193,Madstreet Delights,https://www.zomato.com/visakhapatnam/madstreet-delights-dwaraka-nagar-vizag/order,4.6,₹200 for one,"Desserts, Beverages, Ice Cream"
194,New Guntur Mess,https://www.zomato.com/visakhapatnam/new-guntur-mess-sagar-nagar-vizag/order,3.2,₹200 for one,"South Indian, Biryani"
195,Gismat Arabic Restaurant,https://www.zomato.com/visakhapatnam/gismat-arabic-restaurant-lawsons-bay-vizag/order,3.8,₹200 for one,Arabian
196,Upland Bistro,https://www.zomato.com/visakhapatnam/upland-bistro-waltair-uplands-vizag/order,4.0,₹200 for one,"Italian, Mexican, Mediterranean, Continental, French, Desserts, Beverages, Pizza"
197,The Thickshake Freezers,https://www.zomato.com/visakhapatnam/the-thickshake-freezers-balayya-sastri-layout-vizag/order,3.8,₹200 for one,"Shake, Beverages"
198,Shawarma Corner,https://www.zomato.com/visakhapatnam/shawarma-corner-mvp-colony-vizag/order,3.8,₹200 for one,Rolls
199,Giani Ice Cream,https://www.zomato.com/visakhapatnam/giani-ice-cream-maddilapalem-vizag/order,4.4,₹200 for one,"Ice Cream, Beverages, Desserts, Shake"
200,BayBee Chikizza,https://www.zomato.com/visakhapatnam/baybee-chikizza-dwaraka-nagar-vizag/order,3.9,₹200 for one,"Fast Food, Beverages"
201,Sri Sai Nellore Vari Mess,https://www.zomato.com/visakhapatnam/sri-sai-nellore-vari-mess-1-jagadamba-junction-vizag/order,3.8,₹50 for one,Andhra
202,SKML Grand Family Restaurant,https://www.zomato.com/visakhapatnam/skml-grand-family-restaurant-allipuram-vizag/order,3.9,₹50 for one,"Chinese, Biryani, North Indian"
203,Vaishali - Hotel Meghalaya,https://www.zomato.com/visakhapatnam/vaishali-hotel-meghalaya-asilmetta-vizag/order,4.1,₹50 for one,"Chinese, Biryani, South Indian, North Indian, Shake"
204,Kebablicious,https://www.zomato.com/visakhapatnam/kebablicious-kirlampudi-layout-vizag/order,4.0,₹50 for one,"Kebab, Momos"
205,Star Lucky Restaurant,https://www.zomato.com/visakhapatnam/star-lucky-restaurant-allipuram-vizag/order,3.9,₹50 for one,"Biryani, Chinese, North Indian"
206,Cabritoz Arabic Shawarma,https://www.zomato.com/visakhapatnam/cabritoz-arabic-shawarma-maharani-peta-vizag/order,3.9,₹50 for one,Shawarma
207,Sri Krishna Mess - Pure Veg Meals,https://www.zomato.com/visakhapatnam/sri-krishna-mess-pure-veg-meals-allipuram-vizag/order,4.1,₹50 for one,South Indian
208,Best Bakers,https://www.zomato.com/visakhapatnam/best-bakers-madhavadhara-vizag/order,3.6,₹50 for one,"Bakery, Desserts, Fast Food"
209,Rasa - Hotel Vivana,https://www.zomato.com/visakhapatnam/rasa-hotel-vivana-siripuram-vizag/order,4.1,₹50 for one,"Chinese, North Indian, Continental, South Indian, Sichuan"
210,Nellore Vari Meals And Tiffins - Hotel Chandra's,https://www.zomato.com/visakhapatnam/nellore-vari-meals-and-tiffins-hotel-chandras-allipuram-vizag/order,3.9,₹50 for one,"Biryani, Seafood, Chinese, North Indian, South Indian"
211,Syamala Ghee Sweets,https://www.zomato.com/visakhapatnam/syamala-ghee-sweets-asilmetta-vizag/order,3.8,₹50 for one,"Mithai, Street Food"
212,The Biryani Life,https://www.zomato.com/visakhapatnam/the-biryani-life-dwaraka-nagar-vizag/order,3.2,₹50 for one,"Biryani, Kebab, Hyderabadi, Lucknowi"
213,Mexico's Fried Chicken,https://www.zomato.com/visakhapatnam/mexicos-fried-chicken-waltair-uplands-vizag/order,3.5,₹250 for one,"Fast Food, Street Food, Juices, Beverages"
214,Drunken Monkey,https://www.zomato.com/visakhapatnam/drunken-monkey-1-asilmetta-vizag/order,3.9,₹250 for one,"Beverages, Juices, Healthy Food, Coffee, Sandwich, Tea"
215,Dwaraka Food Court,https://www.zomato.com/visakhapatnam/dwaraka-food-court-1-dwaraka-nagar-vizag/order,4.1,₹250 for one,"North Indian, Chinese, Biryani, Fast Food, Rolls"
216,Amrutham,https://www.zomato.com/visakhapatnam/amrutham-mvp-colony-vizag/order,4.0,₹250 for one,"Andhra, South Indian, Biryani"
217,Indori Tadka,https://www.zomato.com/visakhapatnam/indori-tadka-3-marripalem-vizag/order,3.5,₹250 for one,"Biryani, North Indian, Chinese, Fast Food"
218,Dum Safar Biryani,https://www.zomato.com/visakhapatnam/dum-safar-biryani-siripuram-vizag/order,4.3,₹250 for one,"North Indian, Biryani, Kebab, Beverages, Desserts"
219,Macchiato,https://www.zomato.com/visakhapatnam/macchiato-balayya-sastri-layout-vizag/order,3.5,₹250 for one,"Pizza, Burger, Beverages, Sandwich, Bakery"
220,New Delhi Sweets,https://www.zomato.com/visakhapatnam/new-delhi-sweets-allipuram-vizag/order,4.0,₹250 for one,"Mithai, Bakery, Street Food"
221,Happyoi,https://www.zomato.com/visakhapatnam/happyoi-vishalaksmi-nagar-vizag/order,4.2,₹250 for one,"Cafe, Fast Food, Chinese, Beverages"
222,Sujana Kitchen,https://www.zomato.com/visakhapatnam/sujana-kitchen-dondaparithy-vizag/order,3.7,₹250 for one,"South Indian, Fast Food, Chinese, Street Food"
223,Cabritoz,https://www.zomato.com/visakhapatnam/cabritoz-maharani-peta-vizag/order,4.0,₹250 for one,"Mandi, Chinese, North Indian"
224,ROHHOTEL,https://www.zomato.com/visakhapatnam/rohhotel-dwaraka-nagar-vizag/order,4.0,₹250 for one,"North Indian, Chinese, Biryani"
225,Taste Well,https://www.zomato.com/visakhapatnam/taste-well-jagadamba-junction-vizag/order,4.0,₹200 for one,"Biryani, Chinese, Sichuan"
226,Ganapati Restaurant,https://www.zomato.com/visakhapatnam/ganapati-restaurant-allipuram-vizag/order,4.1,₹200 for one,"North Indian, Rajasthani"
227,Made By Mom,https://www.zomato.com/visakhapatnam/made-by-mom-mvp-colony-vizag/order,3.3,₹200 for one,South Indian
228,Barkaas Arabic Restaurant,https://www.zomato.com/visakhapatnam/barkaas-arabic-restaurant-dwaraka-nagar-vizag/order,3.9,₹200 for one,"Arabian, North Indian, Biryani, Beverages"
229,Dolphin Hotel,https://www.zomato.com/visakhapatnam/dolphin-hotel-jagadamba-junction-vizag/order,3.8,₹200 for one,"Chinese, North Indian"
230,Mantris Hotel,https://www.zomato.com/visakhapatnam/mantris-hotel-asilmetta-vizag/order,3.8,₹200 for one,"Biryani, Chinese, South Indian, North Indian, Fast Food, Beverages, Desserts, Sichuan"
231,Prudhvi's Kitchen,https://www.zomato.com/visakhapatnam/prudhvis-kitchen-1-vishalaksmi-nagar-vizag/order,3.8,₹200 for one,"Chinese, Biryani, South Indian, Kebab"
232,Baskin Robbins,https://www.zomato.com/visakhapatnam/baskin-robbins-sriharipuram-vizag/order,4.1,₹200 for one,"Ice Cream, Desserts, Beverages"
233,The Chick Nation,https://www.zomato.com/visakhapatnam/the-chick-nation-dwaraka-nagar-vizag/order,3.9,₹200 for one,"Pizza, Burger, Sandwich, Fast Food, Shake"
234,Sri Padmavathi Restaurant,https://www.zomato.com/visakhapatnam/sri-padmavathi-restaurant-mvp-colony-vizag/order,3.5,₹200 for one,"Biryani, Kebab, North Indian, Mughlai, Chinese, Sichuan"
235,The Foodwala.Com,https://www.zomato.com/visakhapatnam/the-foodwala-com-ram-nagar-vizag/order,3.5,₹200 for one,Biryani
236,Rolls Station,https://www.zomato.com/visakhapatnam/rolls-station-seethammadhara-vizag/order,3.5,₹200 for one,"Rolls, Biryani, Chinese, Sichuan"
237,Akshaya Restaurant,https://www.zomato.com/visakhapatnam/akshaya-restaurant-dondaparithy-vizag/order,3.8,₹300 for one,"Biryani, Mughlai, Chinese, Seafood"
238,Pastry Coffee N Conversation,https://www.zomato.com/visakhapatnam/pastry-coffee-n-conversation-siripuram-vizag/order,3.8,₹300 for one,"Cafe, Italian, Beverages, Pizza, Sandwich, Pasta, Mexican, Burger"
239,AB's - Absolute Barbecues,https://www.zomato.com/visakhapatnam/abs-absolute-barbecues-dwaraka-nagar-vizag/order,3.6,₹300 for one,"North Indian, Mediterranean, European"
240,Dish Delice Pizza,https://www.zomato.com/visakhapatnam/dish-delice-pizza-mvp-colony-vizag/order,4.4,₹300 for one,"Pizza, Fast Food"
241,Heritage,https://www.zomato.com/visakhapatnam/heritage-asilmetta-vizag/order,3.8,₹300 for one,"South Indian, Chinese, North Indian, Beverages"
242,Raj Makkne,https://www.zomato.com/visakhapatnam/raj-makkne-1-vishalaksmi-nagar-vizag/order,3.5,₹300 for one,"North Indian, Chinese, Mughlai, Shawarma, Biryani, Mandi, Desserts, Beverages"
243,Lazeez Pista Haleem Point,https://www.zomato.com/visakhapatnam/lazeez-pista-haleem-point-allipuram-vizag/order,3.6,₹300 for one,"Biryani, Chinese, Mithai, Desserts"
244,Bunnies Burger,https://www.zomato.com/visakhapatnam/bunnies-burger-balayya-sastri-layout-vizag/order,3.9,₹300 for one,Burger
245,Sivakoti's Food Magic,https://www.zomato.com/visakhapatnam/sivakotis-food-magic-vishalaksmi-nagar-vizag/order,4.0,₹300 for one,"North Indian, Chinese, Biryani"
246,Rolls Mama,https://www.zomato.com/visakhapatnam/rolls-mama-jagadamba-junction-vizag/order,4.1,₹300 for one,"Rolls, Chinese, Sichuan"
247,Platform 65,https://www.zomato.com/visakhapatnam/platform-65-waltair-uplands-vizag/order,4.0,₹300 for one,"North Indian, Biryani, Chinese, Shake"
248,Sri Kakateeya Mess,https://www.zomato.com/visakhapatnam/sri-kakateeya-mess-dwaraka-nagar-vizag/order,4.3,₹300 for one,"Biryani, South Indian, Chinese"
249,V Nawabi Darbar,https://www.zomato.com/visakhapatnam/v-nawabi-darbar-akkayyapalem-vizag/order,3.9,₹250 for one,"North Indian, Chinese, Arabian, Biryani, Sichuan"
250,USPizza,https://www.zomato.com/visakhapatnam/uspizza-balayya-sastri-layout-vizag/order,3.6,₹250 for one,"Pizza, Salad, Fast Food, Desserts, Beverages"
251,Hotel Ambicas Jewel,https://www.zomato.com/visakhapatnam/hotel-ambicas-jewel-maddilapalem-vizag/order,3.7,₹250 for one,North Indian
252,Varun's Pulka Kitchen,https://www.zomato.com/visakhapatnam/varuns-pulka-kitchen-dwaraka-nagar-vizag/order,4.2,₹250 for one,North Indian
253,Elegant Hotel,https://www.zomato.com/visakhapatnam/elegant-hotel-ram-nagar-vizag/order,4.0,₹250 for one,"North Indian, South Indian, Chinese, Mughlai, Beverages, Sichuan"
254,Bakers Castle,https://www.zomato.com/visakhapatnam/bakers-castle-siripuram-vizag/order,4.4,₹250 for one,"Bakery, Fast Food, Chinese"
255,Brew 'n' Bistro,https://www.zomato.com/visakhapatnam/brew-n-bistro-lawsons-bay-vizag/order,3.9,₹250 for one,"Italian, Pizza, Burger, Continental, Shake"
256,Dharani,https://www.zomato.com/visakhapatnam/dharani-jagadamba-junction-vizag/order,4.2,₹250 for one,"North Indian, South Indian, Chinese, Desserts, Beverages"
257,Cafe Coffee Day,https://www.zomato.com/visakhapatnam/cafe-coffee-day-4-maharani-peta-vizag/order,3.3,₹250 for one,"Cafe, Fast Food, Coffee, Desserts, Beverages"
258,Chaitanya Tiffins,https://www.zomato.com/visakhapatnam/chaitanya-tiffins-akkayyapalem-vizag/order,3.8,₹250 for one,South Indian
259,Rolls Mama,https://www.zomato.com/visakhapatnam/rolls-mama-sagar-nagar-vizag/order,3.7,₹250 for one,"Rolls, Kebab, North Indian"
260,Jack Frost,https://www.zomato.com/visakhapatnam/jack-frost-siripuram-vizag/order,4.4,₹250 for one,"Ice Cream, Desserts, Shake"
261,Creme Berry,https://www.zomato.com/visakhapatnam/creme-berry-balayya-sastri-layout-vizag/order,4.3,₹100 for one,"Beverages, Shake"
262,Venna Muddha Parlour & Milk Products,https://www.zomato.com/visakhapatnam/venna-muddha-parlour-milk-products-seethammadhara-vizag/order,4.2,₹100 for one,South Indian
263,Sri Nidhi Food,https://www.zomato.com/visakhapatnam/sri-nidhi-food-siripuram-vizag/order,3.9,₹100 for one,"South Indian, Street Food"
264,V Hotel Olive,https://www.zomato.com/visakhapatnam/v-hotel-olive-dwaraka-nagar-vizag/order,3.9,₹100 for one,"Biryani, Chinese, Continental, Hyderabadi, North Indian, South Indian, Desserts, Beverages"
265,Deepikasetty Pizza Blast,https://www.zomato.com/visakhapatnam/deepikasetty-pizza-blast-seethammadhara-vizag/order,3.9,₹100 for one,"Pizza, Sandwich"
266,Sip And Bite,https://www.zomato.com/visakhapatnam/sip-and-bite-jagadamba-junction-vizag/order,4.0,₹100 for one,"Tea, Beverages, Shake, Fast Food, Sandwich, Pizza"
267,Circars Bistro,https://www.zomato.com/visakhapatnam/circars-bistro-lawsons-bay-vizag/order,-,₹100 for one,"Fast Food, Salad"
268,Dine Destiny,https://www.zomato.com/visakhapatnam/dine-destiny-lawsons-bay-vizag/order,3.7,₹100 for one,"Biryani, North Indian, Mughlai, Continental, Chinese, Beverages, Seafood, Italian"
269,Delhi Diner - Hotel Rockdale,https://www.zomato.com/visakhapatnam/delhi-diner-hotel-rockdale-ram-nagar-vizag/order,3.8,₹100 for one,"North Indian, South Indian, Chinese, Biryani, Sichuan, Beverages, Desserts"
270,SSM Pan Mahal,https://www.zomato.com/visakhapatnam/ssm-pan-mahal-venkojipalem-vizag/order,4.3,₹100 for one,Paan
271,Protein Inn,https://www.zomato.com/visakhapatnam/protein-inn-balayya-sastri-layout-vizag/order,3.6,₹100 for one,"Healthy Food, Fast Food, Sandwich, Beverages"
272,Crazy Biryani,https://www.zomato.com/visakhapatnam/crazy-biryani-seethammadhara-vizag/order,3.5,₹100 for one,"Biryani, Chinese, North Indian"
273,Beyond Bajji,https://www.zomato.com/visakhapatnam/beyond-bajji-1-jagadamba-junction-vizag/order,4.0,₹100 for one,"Fast Food, Street Food, Desserts, Beverages, Shake"
274,Mallu Vish,https://www.zomato.com/visakhapatnam/mallu-vish-lawsons-bay-vizag/order,3.9,₹100 for one,Kerala
275,The Spicy Biryani,https://www.zomato.com/visakhapatnam/the-spicy-biryani-balayya-sastri-layout-vizag/order,3.3,₹100 for one,"Biryani, Chinese"
276,Sri Sivarama Reddy Sweets & Bakery,https://www.zomato.com/visakhapatnam/sri-sivarama-reddy-sweets-bakery-akkayyapalem-vizag/order,4.2,₹100 for one,"Bakery, Desserts"
277,Monisha Kitchen,https://www.zomato.com/visakhapatnam/monisha-kitchen-1-sagar-nagar-vizag/order,4.2,₹100 for one,"Bengali, South Indian, Biryani"
278,Dessertino,https://www.zomato.com/visakhapatnam/dessertino-siripuram-vizag/order,3.8,₹100 for one,"Desserts, Shake"
279,Samosa Singh,https://www.zomato.com/visakhapatnam/samosa-singh-dondaparithy-vizag/order,3.1,₹100 for one,Street Food
280,Panorama - Ambica Sea Green,https://www.zomato.com/visakhapatnam/panorama-ambica-sea-green-kirlampudi-layout-vizag/order,4.3,₹100 for one,"Biryani, Chinese, Continental, North Indian"
281,Budapest Bake Inn,https://www.zomato.com/visakhapatnam/budapest-bake-inn-seethammadhara-vizag/order,3.8,₹100 for one,"European, Desserts, Shake"
282,Vizag Star Grand,https://www.zomato.com/visakhapatnam/vizag-star-grand-ram-nagar-vizag/order,3.4,₹100 for one,"Biryani, Chinese, Kebab, Sichuan"
283,Pure Veg Meals By LunchBox,https://www.zomato.com/visakhapatnam/pure-veg-meals-by-lunchbox-dwaraka-nagar-vizag/order,3.6,₹100 for one,North Indian
284,Rice Bowl,https://www.zomato.com/visakhapatnam/rice-bowl-asilmetta-vizag/order,3.6,₹100 for one,North Indian
285,The Lassi Shop,https://www.zomato.com/visakhapatnam/the-lassi-shop-mvp-colony-vizag/order,3.6,₹100 for one,"Beverages, Desserts"
286,Sri Sai Jayanth Fast Foods,https://www.zomato.com/visakhapatnam/sri-sai-jayanth-fast-foods-jagadamba-junction-vizag/order,3.4,₹100 for one,"Chinese, Biryani"
287,Dayaram Sweets,https://www.zomato.com/visakhapatnam/dayaram-sweets-jagadamba-junction-vizag/order,4.1,₹100 for one,"Mithai, Desserts, Street Food"
288,Millet Rasoi,https://www.zomato.com/visakhapatnam/millet-rasoi-venkojipalem-vizag/order,3.3,₹100 for one,"South Indian, North Indian, Chinese, Fast Food, Healthy Food"
289,Cakes Heaven,https://www.zomato.com/visakhapatnam/cakes-heaven-dondaparithy-vizag/order,-,₹100 for one,Desserts
290,Cherishmas's Pot Biryani,https://www.zomato.com/visakhapatnam/cherishmass-pot-biryani-ram-nagar-vizag/order,3.8,₹100 for one,Biryani
291,Burgerito,https://www.zomato.com/visakhapatnam/burgerito-dwaraka-nagar-vizag/order,3.6,₹100 for one,"Fast Food, Beverages"
292,The Port Hotel,https://www.zomato.com/visakhapatnam/the-port-hotel-allipuram-vizag/order,3.9,₹100 for one,"Chinese, North Indian, Biryani"
293,Fusion Foods Multicusine Family Restaurant,https://www.zomato.com/visakhapatnam/fusion-foods-multicusine-family-restaurant-siripuram-vizag/order,4.1,₹100 for one,"Biryani, North Indian, South Indian, Chinese, Desserts, Beverages"
294,Five Star Chicken Koli Hut,https://www.zomato.com/visakhapatnam/five-star-chicken-koli-hut-mvp-colony-vizag/order,3.1,₹100 for one,"Fast Food, Burger, Rolls"
295,Dumont Creamery,https://www.zomato.com/visakhapatnam/dumont-creamery-chinna-waltair-vizag/order,3.4,₹100 for one,"Ice Cream, Beverages"
296,Rajadhani,https://www.zomato.com/visakhapatnam/rajadhani-dwaraka-nagar-vizag/order,4.0,₹100 for one,"North Indian, Chinese, Andhra, Biryani, Sichuan"
297,Pizza Mania,https://www.zomato.com/visakhapatnam/pizza-mania-madhavadhara-vizag/order,-,₹150 for one,Pizza
298,Firangi Bake,https://www.zomato.com/visakhapatnam/firangi-bake-dwaraka-nagar-vizag/order,4.0,₹150 for one,"Italian, Mexican"
299,Five Star Chicken,https://www.zomato.com/visakhapatnam/five-star-chicken-seethammadhara-vizag/order,4.1,₹150 for one,"Fast Food, Burger, Rolls"
300,Sweet Truth - Cake and Desserts,https://www.zomato.com/visakhapatnam/sweet-truth-cake-and-desserts-dwaraka-nagar-vizag/order,3.3,₹150 for one,"Desserts, Bakery"
301,Signature Wraps & Rolls By Faasos,https://www.zomato.com/visakhapatnam/signature-wraps-rolls-by-faasos-dwaraka-nagar-vizag/order,4.0,₹150 for one,"Rolls, Wraps"
302,Iceberg Organic Icecreams,https://www.zomato.com/visakhapatnam/iceberg-organic-icecreams-dwaraka-nagar-vizag/order,4.2,₹150 for one,"Desserts, Ice Cream"
303,New Bharat Cafe,https://www.zomato.com/visakhapatnam/new-bharat-cafe-allipuram-vizag/order,4.5,₹150 for one,South Indian
304,Plan B,https://www.zomato.com/visakhapatnam/plan-b-mvp-colony-vizag/order,3.9,₹150 for one,"Chinese, Street Food, Fast Food, Pizza, Burger, Momos, Continental, Shake"
305,Rujvi Food Mahal,https://www.zomato.com/visakhapatnam/rujvi-food-mahal-madhavadhara-vizag/order,3.9,₹150 for one,"South Indian, Chinese, Rolls"
306,Waltair Pizzeria,https://www.zomato.com/visakhapatnam/waltair-pizzeria-dwaraka-nagar-vizag/order,3.9,₹150 for one,"Pizza, Fast Food, Shake"
307,Habiba Biryani,https://www.zomato.com/visakhapatnam/habiba-biryani-mvp-colony-vizag/order,3.6,₹150 for one,"Biryani, Chinese, Desserts, Beverages"
308,Shahasya Foods,https://www.zomato.com/visakhapatnam/shahasya-foods-dondaparithy-vizag/order,-,₹150 for one,"Chinese, North Indian, Street Food, Seafood, Biryani, Mughlai, Beverages"
309,New Andhra Restaurant,https://www.zomato.com/visakhapatnam/new-andhra-restaurant-waltair-uplands-vizag/order,3.9,₹150 for one,"Andhra, Chinese, Biryani, North Indian"
310,Star Jingle Bells,https://www.zomato.com/visakhapatnam/star-jingle-bells-sagar-nagar-vizag/order,3.4,₹150 for one,"North Indian, Chinese, Biryani, Sichuan"
311,Mr Kitchen,https://www.zomato.com/visakhapatnam/mr-kitchen-seethammadhara-vizag/order,4.0,₹150 for one,"Andhra, North Indian, Chinese, Kebab, Biryani"
312,Uncle's Pulao,https://www.zomato.com/visakhapatnam/uncles-pulao-lawsons-bay-vizag/order,3.6,₹150 for one,"South Indian, Biryani, North Indian"
313,Gluttons Garage,https://www.zomato.com/visakhapatnam/gluttons-garage-kirlampudi-layout-vizag/order,3.7,₹150 for one,"Cafe, Healthy Food, Continental, Shake"
314,Manmohan Rajasthani Bhojanalaya,https://www.zomato.com/visakhapatnam/manmohan-rajasthani-bhojanalaya-allipuram-vizag/order,3.8,₹150 for one,"North Indian, Chinese, South Indian"
315,Veg Daawat By Behrouz,https://www.zomato.com/visakhapatnam/veg-daawat-by-behrouz-dwaraka-nagar-vizag/order,4.0,₹150 for one,"Biryani, Mughlai, North Indian"
316,Wrap It,https://www.zomato.com/visakhapatnam/wrap-it-dondaparithy-vizag/order,4.1,₹150 for one,"Wraps, Beverages"
317,Sri Bansuri Sweets,https://www.zomato.com/visakhapatnam/sri-bansuri-sweets-ram-nagar-vizag/order,4.1,₹150 for one,"North Indian, Chinese, South Indian, Fast Food, Street Food, Desserts"
318,Korner Bistro,https://www.zomato.com/visakhapatnam/korner-bistro-madhavadhara-vizag/order,4.0,₹150 for one,"Chinese, North Indian, Biryani, Rolls, Sichuan"
319,Express By ABs,https://www.zomato.com/visakhapatnam/express-by-abs-dwaraka-nagar-vizag/order,3.4,₹150 for one,"North Indian, Biryani, BBQ"
320,Bowls Of Hindustan,https://www.zomato.com/visakhapatnam/bowls-of-hindustan-asilmetta-vizag/order,3.7,₹150 for one,"North Indian, Hyderabadi"
321,Five Star Koli Hut,https://www.zomato.com/visakhapatnam/five-star-koli-hut-kancharapalem-vizag/order,3.5,₹100 for one,"Fast Food, Burger, Rolls"
322,The Vizag's Chemistry,https://www.zomato.com/visakhapatnam/the-vizags-chemistry-asilmetta-vizag/order,3.9,₹100 for one,"Cafe, North Indian, Sandwich, Mexican, Italian, Fast Food, Desserts, Beverages"
323,Tea Time Jagadamba,https://www.zomato.com/visakhapatnam/tea-time-jagadamba-allipuram-vizag/order,4.5,₹100 for one,"Tea, Beverages, Shake"
324,Dosa Park,https://www.zomato.com/visakhapatnam/dosa-park-allipuram-vizag/order,3.6,₹100 for one,"Biryani, South Indian"
325,Just Bake,https://www.zomato.com/visakhapatnam/just-bake-chinna-waltair-vizag/order,New,₹100 for one,"Bakery, Desserts"
326,Kwality Wall's Frozen Dessert And Ice Cream Shop,https://www.zomato.com/visakhapatnam/kwality-walls-frozen-dessert-and-ice-cream-shop-1-lawsons-bay-vizag/order,4.2,₹100 for one,"Ice Cream, Desserts"
327,Hangout Biryani,https://www.zomato.com/visakhapatnam/hangout-biryani-mvp-colony-vizag/order,3.6,₹100 for one,"North Indian, Biryani, Chinese"
328,Tulips - Hotel Green Park,https://www.zomato.com/visakhapatnam/tulips-hotel-green-park-ram-nagar-vizag/order,3.7,₹100 for one,"North Indian, Chinese, South Indian, Continental"
329,Beuno,https://www.zomato.com/visakhapatnam/beuno-madhavadhara-vizag/order,4.0,₹100 for one,"Pizza, Chinese, Fast Food, Beverages"
330,Biryani Days,https://www.zomato.com/visakhapatnam/biryani-days-maddilapalem-vizag/order,3.7,₹100 for one,Biryani
331,Morning Delight,https://www.zomato.com/visakhapatnam/morning-delight-seethammadhara-vizag/order,3.6,₹100 for one,South Indian
332,Noodle Wok,https://www.zomato.com/visakhapatnam/noodle-wok-1-dondaparithy-vizag/order,3.6,₹100 for one,Chinese
333,Wok Republic,https://www.zomato.com/visakhapatnam/wok-republic-asilmetta-vizag/order,3.8,₹300 for one,"Sandwich, Chinese, Thai, Fast Food, Sichuan"
334,Rayalaseema Ruchulu,https://www.zomato.com/visakhapatnam/rayalaseema-ruchulu-kirlampudi-layout-vizag/order,3.4,₹300 for one,"South Indian, Andhra"
335,Precious Pizza,https://www.zomato.com/visakhapatnam/precious-pizza-arilova-vizag/order,3.1,₹300 for one,"Pizza, Burger, Pasta, Sandwich, Rolls, Fast Food, Chinese, North Indian"
336,Italian Flame,https://www.zomato.com/visakhapatnam/italian-flame-seethammadhara-vizag/order,4.0,₹300 for one,"Burger, Sandwich, Pizza, Beverages"
337,Asta's Desi Darbar,https://www.zomato.com/visakhapatnam/astas-desi-darbar-madhavadhara-vizag/order,4.2,₹300 for one,"BBQ, North Indian, Chinese, Biryani, Mughlai, Ice Cream, Beverages"
338,Vantalakka Biriyani,https://www.zomato.com/visakhapatnam/vantalakka-biriyani-asilmetta-vizag/order,-,₹300 for one,"Street Food, Shake"
339,Mom's Kitchen,https://www.zomato.com/visakhapatnam/moms-kitchen-jagadamba-junction-vizag/order,3.5,₹300 for one,"Chinese, Sichuan, Rolls"
340,The Biryani Connection,https://www.zomato.com/visakhapatnam/the-biryani-connection-1-asilmetta-vizag/order,3.7,₹300 for one,"Biryani, Mughlai, Afghan, North Indian, Chinese"
341,Arabian Nights,https://www.zomato.com/visakhapatnam/arabian-nights-allipuram-vizag/order,3.6,₹300 for one,"Arabian, Biryani"
342,Pulav And Bowls,https://www.zomato.com/visakhapatnam/pulav-and-bowls-mvp-colony-vizag/order,3.2,₹300 for one,"South Indian, Chinese, Mithai, Shake, Beverages"
343,Sam's Griddle,https://www.zomato.com/visakhapatnam/sams-griddle-1-siripuram-vizag/order,3.6,₹300 for one,"Mexican, North Indian, Italian, Desserts, Continental, Pasta, Shake"
344,Bengal By The Bay,https://www.zomato.com/visakhapatnam/bengal-by-the-bay-asilmetta-vizag/order,4.1,₹300 for one,Bengali
345,Ome Sai Ram Sweets & Home Foods,https://www.zomato.com/visakhapatnam/ome-sai-ram-sweets-home-foods-allipuram-vizag/order,3.4,₹100 for one,Mithai
346,Zaykaa Haleem,https://www.zomato.com/visakhapatnam/zaykaa-haleem-lawsons-bay-vizag/order,3.9,₹100 for one,"Biryani, Hyderabadi"
347,Coffee And Kitchen,https://www.zomato.com/visakhapatnam/coffee-and-kitchen-balayya-sastri-layout-vizag/order,3.6,₹100 for one,"Beverages, Fast Food, Desserts, Chinese, Shake"
348,Naidu Gari Military Hotel,https://www.zomato.com/visakhapatnam/naidu-gari-military-hotel-mvp-colony-vizag/order,New,₹100 for one,"Biryani, Chinese"
349,Rail Dhaba,https://www.zomato.com/visakhapatnam/rail-dhaba-maddilapalem-vizag/order,3.4,₹100 for one,"South Indian, Chinese, Biryani"
350,Sai Ram Fast Food,https://www.zomato.com/visakhapatnam/sai-ram-fast-food-sagar-nagar-vizag/order,-,₹100 for one,"Chinese, South Indian, North Indian, Biryani"
351,Kaffe Day,https://www.zomato.com/visakhapatnam/kaffe-day-1-vishalaksmi-nagar-vizag/order,-,₹100 for one,"Chinese, North Indian, Fast Food"
352,Zest By Radisson Blu,https://www.zomato.com/visakhapatnam/zest-by-radisson-blu-sagar-nagar-vizag/order,4.0,₹100 for one,Desserts
353,D Cake Factory,https://www.zomato.com/visakhapatnam/d-cake-factory-jagadamba-junction-vizag/order,4.4,₹100 for one,"Bakery, Chinese, Pizza"
354,Tiny Kitchen,https://www.zomato.com/visakhapatnam/tiny-kitchen-1-arilova-vizag/order,New,₹100 for one,"Sandwich, Rolls, Pizza, Fast Food"
355,Mekong - Hotel GreenPark,https://www.zomato.com/visakhapatnam/mekong-hotel-greenpark-waltair-uplands-vizag/order,4.1,₹100 for one,"Chinese, Thai, Burmese, Vietnamese, Tibetan, Japanese, Momos"
356,Raju Gare Butta Biriyani,https://www.zomato.com/visakhapatnam/raju-gare-butta-biriyani-madhavadhara-vizag/order,New,₹100 for one,"Biryani, Chinese"
357,Waltair Kitchen - PL Grand,https://www.zomato.com/visakhapatnam/waltair-kitchen-pl-grand-siripuram-vizag/order,3.6,₹250 for one,"North Indian, Chinese, Continental, South Indian, Mexican, Italian, Desserts, Sichuan"
358,The Hungry Hippo Resto Cafe,https://www.zomato.com/visakhapatnam/the-hungry-hippo-resto-cafe-seethammadhara-vizag/order,3.6,₹250 for one,"Cafe, Mexican, Salad, Italian, Chinese, Burger, Sandwich, Beverages"
359,Vizag Biryani Express,https://www.zomato.com/vizag-biryani-express-food-truck/order,3.6,₹250 for one,"Biryani, North Indian, Chinese, Mughlai"
360,Creme Shakes,https://www.zomato.com/visakhapatnam/creme-shakes-1-mvp-colony-vizag/order,4.0,₹250 for one,"Beverages, Shake"
361,Khana Khazana,https://www.zomato.com/visakhapatnam/khana-khazana-balayya-sastri-layout-vizag/order,3.0,₹250 for one,"Biryani, Chinese, Seafood"
362,The Fiery Tandoor,https://www.zomato.com/visakhapatnam/the-fiery-tandoor-maddilapalem-vizag/order,-,₹250 for one,Kebab
363,Friends Tea Time & Fast Foods,https://www.zomato.com/visakhapatnam/friends-tea-time-fast-foods-vishalaksmi-nagar-vizag/order,New,₹250 for one,"Tea, Shake, Coffee, Beverages, Chinese, Biryani"
364,WelcomHotel Devee Grand Bay,https://www.zomato.com/visakhapatnam/welcomhotel-devee-grand-bay-maharani-peta-vizag/order,3.6,₹250 for one,"North Indian, South Indian, Sandwich, Continental, Italian, Asian, Desserts"
365,The Shakes And Waffles,https://www.zomato.com/visakhapatnam/the-shakes-and-waffles-seethammadhara-vizag/order,-,₹250 for one,"Desserts, Shake"
366,Tibb's Frankie - Serving Rolls Since 1969,https://www.zomato.com/visakhapatnam/tibbs-frankie-serving-rolls-since-1969-mvp-colony-vizag/order,4.0,₹250 for one,Rolls
367,7 To 9 Foods,https://www.zomato.com/visakhapatnam/7-to-9-foods-1-chinna-waltair-vizag/order,3.3,₹250 for one,"North Indian, Chinese, South Indian"
368,Mandi Palace,https://www.zomato.com/visakhapatnam/mandi-palace-maddilapalem-vizag/order,New,₹250 for one,"Mandi, Fast Food"
369,China House,https://www.zomato.com/visakhapatnam/china-house-1-mvp-colony-vizag/order,3.1,₹200 for one,"Chinese, Seafood, Momos, Sichuan"
370,Avakaianam,https://www.zomato.com/visakhapatnam/avakaianam-seethammadhara-vizag/order,-,₹200 for one,"North Indian, South Indian, Seafood, Chinese"
371,Cafe Plus - Best Western Plus Tejvivaan,https://www.zomato.com/visakhapatnam/cafe-plus-best-western-plus-tejvivaan-dondaparithy-vizag/order,4.1,₹200 for one,"North Indian, South Indian, Continental, Desserts, Oriental, Biryani"
372,Just Not Shakes,https://www.zomato.com/visakhapatnam/just-not-shakes-kirlampudi-layout-vizag/order,3.8,₹200 for one,"Beverages, Desserts, Shake"
373,"Frozen Bottle - Milkshakes, Desserts And Ice Cream",https://www.zomato.com/visakhapatnam/frozen-bottle-milkshakes-desserts-and-ice-cream-maddilapalem-vizag/order,3.8,₹200 for one,"Beverages, Desserts, Ice Cream, Waffle, Bakery, Healthy Food"
374,The Mughal Darbar,https://www.zomato.com/visakhapatnam/the-mughal-darbar-lawsons-bay-vizag/order,-,₹200 for one,"North Indian, Biryani, Seafood, Mughlai"
375,Chinese Metro,https://www.zomato.com/visakhapatnam/chinese-metro-mvp-colony-vizag/order,3.6,₹200 for one,"Chinese, Shake, Beverages"
376,Friendly Snacks,https://www.zomato.com/visakhapatnam/friendly-snacks-mvp-colony-vizag/order,3.9,₹200 for one,"Street Food, North Indian"
377,Spicy Affair,https://www.zomato.com/visakhapatnam/spicy-affair-waltair-uplands-vizag/order,-,₹200 for one,"North Indian, Fast Food, Biryani, Chinese, South Indian, Desserts"
378,The Belgian Waffle Store,https://www.zomato.com/visakhapatnam/the-belgian-waffle-store-sagar-nagar-vizag/order,3.3,₹200 for one,Waffle
379,Biryani Dabba Restaurant,https://www.zomato.com/visakhapatnam/biryani-dabba-restaurant-siripuram-vizag/order,-,₹200 for one,"Biryani, Kebab"
380,Masalah Mafia - Palm Beach Hotel,https://www.zomato.com/visakhapatnam/masalah-mafia-palm-beach-hotel-kirlampudi-layout-vizag/order,4.0,₹200 for one,"Chinese, North Indian, Continental"
381,Cake To Wish Bakery,https://www.zomato.com/visakhapatnam/cake-to-wish-bakery-akkayyapalem-vizag/order,-,₹250 for one,"Desserts, Pizza, Burger, Sandwich, Fast Food"
382,365 All Day Dining Restaurant By Radisson Blu,https://www.zomato.com/visakhapatnam/365-all-day-dining-restaurant-by-radisson-blu-sagar-nagar-vizag/order,4.0,₹250 for one,Continental
383,Big Bowl Chinese,https://www.zomato.com/visakhapatnam/big-bowl-chinese-asilmetta-vizag/order,3.4,₹250 for one,"Chinese, North Indian, South Indian, Sichuan"
384,Brew n Bistro,https://www.zomato.com/visakhapatnam/brew-n-bistro-sagar-nagar-vizag/order,New,₹250 for one,"Cafe, Continental, Mexican, Pizza, Pasta, Beverages, Coffee, Desserts"
385,Rasna Buzz,https://www.zomato.com/visakhapatnam/rasna-buzz-madhavadhara-vizag/order,3.8,₹250 for one,"Beverages, Fast Food"
386,RK'S Cake World,https://www.zomato.com/visakhapatnam/rks-cake-world-dwaraka-nagar-vizag/order,3.7,₹250 for one,"Bakery, Biryani, Fast Food, Chinese, Beverages"
387,Vikendi Premium Ice Cream Lounge,https://www.zomato.com/visakhapatnam/vikendi-premium-ice-cream-lounge-dwaraka-nagar-vizag/order,3.9,₹250 for one,"Desserts, Continental, Beverages"
388,Munchbox,https://www.zomato.com/visakhapatnam/munchbox-lawsons-bay-vizag/order,-,₹250 for one,Fast Food
389,Kenisha's Ice - O - Licious,https://www.zomato.com/visakhapatnam/kenishas-ice-o-licious-lawsons-bay-vizag/order,3.5,₹250 for one,"Ice Cream, Shake"
390,Dhanvin Restaurant,https://www.zomato.com/visakhapatnam/dhanvin-restaurant-allipuram-vizag/order,3.3,₹250 for one,"North Indian, South Indian, Chinese, Biryani"
391,Cake Smith,https://www.zomato.com/visakhapatnam/cake-smith-mvp-colony-vizag/order,4.0,₹250 for one,"Bakery, Desserts"
392,Desilicious Bajji,https://www.zomato.com/visakhapatnam/desilicious-bajji-siripuram-vizag/order,4.0,₹250 for one,Street Food
393,SKML Sea Food Restaurant,https://www.zomato.com/visakhapatnam/skml-sea-food-restaurant-allipuram-vizag/order,3.2,₹300 for one,Seafood
394,Mr & Mrs In Food House,https://www.zomato.com/visakhapatnam/mr-mrs-in-food-house-mvp-colony-vizag/order,3.5,₹300 for one,"Chinese, Biryani, Seafood"
395,Bae's Resto Cafe,https://www.zomato.com/visakhapatnam/baes-resto-cafe-sagar-nagar-vizag/order,3.6,₹300 for one,"Cafe, Fast Food, Bakery, Desserts, Beverages, Shake, Sichuan"
396,The Shack - The Park,https://www.zomato.com/visakhapatnam/the-shack-the-park-lawsons-bay-vizag/order,2.7,₹300 for one,"Moroccan, Oriental"
397,Kava - Fairfield By Marriott,https://www.zomato.com/visakhapatnam/kava-fairfield-by-marriott-marripalem-vizag/order,3.7,₹300 for one,"Continental, North Indian, Oriental, Desserts"
398,Jack Frost,https://www.zomato.com/visakhapatnam/jack-frost-seethammadhara-vizag/order,4.0,₹300 for one,"Ice Cream, Desserts, Shake"
399,Haps Resto Cafe,https://www.zomato.com/visakhapatnam/haps-resto-cafe-dwaraka-nagar-vizag/order,-,₹300 for one,"Pizza, Burger, Fast Food, Sandwich, Shake, Beverages"
400,Kunafa,https://www.zomato.com/visakhapatnam/kunafa-kirlampudi-layout-vizag/order,4.0,₹300 for one,Desserts
401,Shero Home Food - Andhra,https://www.zomato.com/visakhapatnam/shero-home-food-andhra-1-kancharapalem-vizag/order,4.0,₹300 for one,"Andhra, South Indian, Desserts"
402,Andhra Spice Kitchen,https://www.zomato.com/visakhapatnam/andhra-spice-kitchen-akkayyapalem-vizag/order,3.3,₹300 for one,"South Indian, North Indian, Chinese, Biryani, Kebab, Desserts, Beverages"
403,Vista - The Park,https://www.zomato.com/visakhapatnam/vista-the-park-dwaraka-nagar-vizag/order,2.9,₹300 for one,"American, North Indian, Thai, Continental"
404,Bamboo Bay - The Park,https://www.zomato.com/visakhapatnam/bamboo-bay-the-park-lawsons-bay-vizag/order,4.0,₹300 for one,"North Indian, Mughlai, Andhra, Kerala, South Indian"
405,Aqua - The Park,https://www.zomato.com/visakhapatnam/aqua-the-park-lawsons-bay/order,-,₹650 for one,Italian
406,Ice Age,https://www.zomato.com/visakhapatnam/ice-age-siripuram-vizag/order,3.7,₹650 for one,"Ice Cream, Desserts, Shake"
407,Kaloreez,https://www.zomato.com/visakhapatnam/kaloreez-siripuram-vizag/order,3.9,₹650 for one,"Cafe, North Indian, Chinese, Biryani, South Indian, Healthy Food"
408,Quality Inn Bez Krishnaa,https://www.zomato.com/visakhapatnam/quality-inn-bez-krishnaa-dwaraka-nagar-vizag/order,-,₹650 for one,"North Indian, Chinese, Biryani, Mughlai"
409,Fruit Age,https://www.zomato.com/visakhapatnam/fruit-age-dondaparithy-vizag/order,4.1,₹650 for one,Juices
410,Swadeshi Rythu Mitra Natural Foods,https://www.zomato.com/visakhapatnam/swadeshi-rythu-mitra-natural-foods-dondaparithy-vizag/order,-,₹650 for one,"Healthy Food, South Indian"
411,Continental Chai Cafe,https://www.zomato.com/visakhapatnam/continental-chai-cafe-dwaraka-nagar-vizag/order,3.9,₹650 for one,"Beverages, Pizza, Burger, Sandwich, Shake"
412,Saukhya Multicuisine Restaurant,https://www.zomato.com/visakhapatnam/saukhya-multicuisine-restaurant-dwaraka-nagar-vizag/order,2.7,₹650 for one,"North Indian, South Indian, Chinese, Biryani, Beverages"
413,Windy's Family Restaurant,https://www.zomato.com/visakhapatnam/windys-family-restaurant-1-kirlampudi-layout-vizag/order,3.5,₹650 for one,"North Indian, Chinese, Biryani, Seafood, Sichuan"
414,Shades Of Popcorn,https://www.zomato.com/visakhapatnam/shades-of-popcorn-kirlampudi-layout-vizag/order,3.1,₹650 for one,Fast Food
415,Craving,https://www.zomato.com/visakhapatnam/craving-chinna-waltair-vizag/order,4.3,₹650 for one,Desserts
416,KB Tab,https://www.zomato.com/visakhapatnam/kb-tab-jagadamba-junction-vizag/order,4.3,₹650 for one,"Chinese, Biryani, Andhra"
417,House Of Candies,https://www.zomato.com/visakhapatnam/house-of-candies-mvp-colony-vizag/order,3.8,₹150 for one,"Fast Food, Desserts, Pizza, Burger, Sandwich"
418,Plenty,https://www.zomato.com/visakhapatnam/plenty-seethammadhara-vizag/order,4.2,₹150 for one,"Continental, Healthy Food, Fast Food, Desserts"
419,Aarna Multi Cuisine Restaurant,https://www.zomato.com/visakhapatnam/aarna-multi-cuisine-restaurant-siripuram-vizag/order,4.0,₹150 for one,"North Indian, Chinese, Burger, Sandwich, Pasta, Pizza, Beverages, Desserts"
420,Swach Amruth,https://www.zomato.com/visakhapatnam/swach-amruth-balayya-sastri-layout-vizag/order,-,₹150 for one,"Chinese, Biryani"
421,Barista,https://www.zomato.com/visakhapatnam/barista-maharani-peta-vizag/order,3.3,₹150 for one,"Cafe, Coffee, Beverages, Fast Food"
422,Jvl Sugar Cane Juice,https://www.zomato.com/visakhapatnam/jvl-sugar-cane-juice-dwaraka-nagar-vizag/order,4.0,₹150 for one,Beverages
423,House of Pops,https://www.zomato.com/visakhapatnam/house-of-pops-dwaraka-nagar-vizag/order,4.2,₹150 for one,"Desserts, Ice Cream"
424,The Betel Leaf Co - Originally from Bangalore,https://www.zomato.com/visakhapatnam/the-betel-leaf-co-originally-from-bangalore-mvp-colony-vizag/order,4.0,₹150 for one,"Paan, Desserts"
425,Bhook Bungalow,https://www.zomato.com/visakhapatnam/bhook-bungalow-waltair-uplands-vizag/order,3.1,₹150 for one,"Biryani, Chinese, North Indian, Beverages"
426,Fit & Fresh Restaurant,https://www.zomato.com/visakhapatnam/fit-fresh-restaurant-maharani-peta-vizag/order,New,₹150 for one,"South Indian, Chinese, North Indian, Biryani, Beverages"
427,Middy Foodie,https://www.zomato.com/visakhapatnam/middy-foodie-arilova-vizag/order,New,₹150 for one,"Fast Food, Burger, Sandwich, Rolls, Pizza, Chinese, Street Food"
428,Bowl City,https://www.zomato.com/visakhapatnam/bowl-city-siripuram-vizag/order,-,₹150 for one,South Indian
429,Hayati Restaurant,https://www.zomato.com/visakhapatnam/hayati-restaurant-allipuram-vizag/order,-,₹300 for one,South Indian
430,Pickle Bowl,https://www.zomato.com/visakhapatnam/pickle-bowl-1-lawsons-bay-vizag/order,-,₹100 for one,Andhra
431,Royal Foodie,https://www.zomato.com/visakhapatnam/royal-foodie-seethammadhara-vizag/order,-,₹200 for one,North Indian
432,Visakha Night's,https://www.zomato.com/visakhapatnam/visakha-nights-ram-nagar-vizag/order,-,₹200 for one,"Biryani, Chinese, Rolls"
433,Curry Leaf - A Taste Of Andhra,https://www.zomato.com/visakhapatnam/curry-leaf-a-taste-of-andhra-mvp-colony-vizag/order,New,₹200 for one,Andhra
434,Epic Greens - Feel The Flavour Of Food,https://www.zomato.com/visakhapatnam/epic-greens-feel-the-flavour-of-food-vishalaksmi-nagar-vizag/order,-,₹150 for one,South Indian
435,Biryani's By Destiny,https://www.zomato.com/visakhapatnam/biryanis-by-destiny-maddilapalem-vizag/order,-,₹250 for one,"Biryani, North Indian, Kebab"
436,Senorita Restaurant & Cafe,https://www.zomato.com/visakhapatnam/senorita-restaurant-cafe-maddilapalem-vizag/order,4.0,₹200 for one,"Chinese, Biryani, North Indian"
437,Tummy Garage,https://www.zomato.com/visakhapatnam/tummy-garage-mvp-colony-vizag/order,New,₹200 for one,"North Indian, Biryani, Burger, Chinese, BBQ"
438,Mama's House,https://www.zomato.com/visakhapatnam/mamas-house-arilova-vizag/order,New,₹200 for one,"Pizza, Burger, Sandwich, Fast Food"
439,Vijayawada Ruchulu,https://www.zomato.com/visakhapatnam/vijayawada-ruchulu-ram-nagar-vizag/order,New,₹200 for one,"South Indian, Chinese, North Indian, Biryani, Fast Food, Shake, Beverages"
440,Chilli Asia,https://www.zomato.com/visakhapatnam/chilli-asia-maharani-peta-vizag/order,4.0,₹150 for one,North Indian
441,Cakes By Italiyo,https://www.zomato.com/visakhapatnam/cakes-by-italiyo-mvp-colony-vizag/order,2.8,₹100 for one,Bakery
442,Midnight Food,https://www.zomato.com/visakhapatnam/midnight-food-arilova-vizag/order,3.2,₹100 for one,Italian
443,Kohinoor Biryani,https://www.zomato.com/visakhapatnam/kohinoor-biryani-maharani-peta-vizag/order,-,₹100 for one,Biryani
444,The Healthy Grub,https://www.zomato.com/visakhapatnam/the-healthy-grub-lawsons-bay-vizag/order,-,₹100 for one,"Healthy Food, South Indian"
445,Kailash Stone Cream,https://www.zomato.com/visakhapatnam/kailash-stone-cream-mvp-colony-vizag/order,-,₹100 for one,"Ice Cream, Shake, Beverages"
446,VVR Foods Zoop Cafe,https://www.zomato.com/visakhapatnam/vvr-foods-zoop-cafe-chinna-waltair-vizag/order,New,₹100 for one,"Fast Food, Beverages, Tea, Shake"
447,Raju's Kitchen Economy,https://www.zomato.com/visakhapatnam/rajus-kitchen-economy-asilmetta-vizag/order,-,₹100 for one,"Biryani, Chinese, Street Food, North Indian"
448,The Sky Cafe,https://www.zomato.com/visakhapatnam/the-sky-cafe-1-mvp-colony-vizag/order,New,₹100 for one,"Cafe, Coffee, Shake, Beverages, Pizza, Sandwich, Fast Food"
449,GDR Bucket Biryani,https://www.zomato.com/visakhapatnam/gdr-bucket-biryani-4-chinna-waltair-vizag/order,New,₹100 for one,"Biryani, Chinese"
450,Winni Cakes & More,https://www.zomato.com/visakhapatnam/winni-cakes-more-madhavadhara-vizag/order,4.0,₹100 for one,"Bakery, Desserts, Pizza, Sandwich, Wraps, Pasta, Waffle, Beverages"
451,Biryani Basket,https://www.zomato.com/visakhapatnam/biryani-basket-akkayyapalem-vizag/order,New,₹100 for one,"Biryani, North Indian, Chinese, Rolls, Desserts, Beverages"
452,Bucket Biryani,https://www.zomato.com/visakhapatnam/bucket-biryani-1-balayya-sastri-layout-vizag/order,New,₹100 for one,"Biryani, Chinese"
453,Mani's Kitchen,https://www.zomato.com/visakhapatnam/manis-kitchen-2-mvp-colony-vizag/order,New,₹200 for one,Biryani
454,Mr Tea,https://www.zomato.com/visakhapatnam/mr-tea-allipuram-vizag/order,New,₹200 for one,"Tea, Shake, Beverages, Sandwich, Burger, Fast Food"
455,The Desi Village,https://www.zomato.com/visakhapatnam/the-desi-village-dwaraka-nagar-vizag/order,New,₹200 for one,"North Indian, Chinese, Mughlai, Biryani, Seafood"
456,LP Griller,https://www.zomato.com/visakhapatnam/lp-griller-3-kancharapalem-vizag/order,-,₹200 for one,Sandwich
457,RS Cloud Kitchen,https://www.zomato.com/visakhapatnam/rs-cloud-kitchen-maddilapalem-vizag/order,New,₹200 for one,"Chinese, Seafood, Rolls, Sandwich, Fast Food"
458,Surya Fast Food,https://www.zomato.com/visakhapatnam/surya-fast-food-mvp-colony-vizag/order,3.6,₹200 for one,"Chinese, Rolls"
459,Mr & Mrs Idly,https://www.zomato.com/visakhapatnam/mr-mrs-idly-1-venkojipalem-vizag/order,4.0,₹200 for one,"South Indian, Fast Food, Chinese, Desserts"
460,Karachi Bakery,https://www.zomato.com/visakhapatnam/karachi-bakery-mvp-colony-vizag/order,4.4,₹200 for one,"Bakery, Desserts, Fast Food"
461,Swagrama Foods,https://www.zomato.com/visakhapatnam/swagrama-foods-mvp-colony-vizag/order,4.4,₹200 for one,"Desserts, Mithai"
462,Sarvani Sweets,https://www.zomato.com/visakhapatnam/sarvani-sweets-maddilapalem-vizag/order,4.6,₹200 for one,"Desserts, Bakery"
463,BEAM,https://www.zomato.com/visakhapatnam/beam-mvp-colony-vizag/order,3.9,₹200 for one,"Mithai, Bakery, Desserts, Fast Food, Beverages, Sichuan"
464,Drunken Monkey,https://www.zomato.com/visakhapatnam/drunken-monkey-mvp-colony-vizag/order,4.2,₹200 for one,"Beverages, Juices, Healthy Food, Coffee, Sandwich, Tea"
465,Happyoi,https://www.zomato.com/visakhapatnam/happyoi-lawsons-bay-vizag/order,3.4,₹200 for one,"Cafe, Fast Food, Chinese, Beverages"
466,Sri Gruha Laxmi Home Foods,https://www.zomato.com/visakhapatnam/sri-gruha-laxmi-home-foods-siripuram-vizag/order,4.3,₹200 for one,"Mithai, Bakery"
467,Sri Rama Tiffins & Meals,https://www.zomato.com/visakhapatnam/sri-rama-tiffins-meals-1-mvp-colony-vizag/order,4.2,₹200 for one,South Indian
468,Sudheer Tiffins,https://www.zomato.com/visakhapatnam/sudheer-tiffins-akkayyapalem-vizag/order,4.1,₹200 for one,South Indian
469,Sarvani Sweets,https://www.zomato.com/visakhapatnam/sarvani-sweets-asilmetta-vizag/order,4.1,₹200 for one,"North Indian, Chinese, Street Food, Desserts"
470,Mr. Samosa,https://www.zomato.com/mr-samosa-1-food-truck/order,4.4,₹50 for one,"Street Food, Fast Food"
471,HappyPola Cafe,https://www.zomato.com/visakhapatnam/happypola-cafe-maddilapalem-vizag/order,3.5,₹50 for one,"Fast Food, Beverages, Shake"
472,Chai Lije,https://www.zomato.com/visakhapatnam/chai-lije-dondaparithy-vizag/order,4.5,₹50 for one,"Beverages, Fast Food, Desserts, Tea, Shake"
473,Dakshin,https://www.zomato.com/visakhapatnam/dakshin-jagadamba-junction-vizag/order,3.7,₹50 for one,"Biryani, Andhra, Chinese"
474,Mr Samosa,https://www.zomato.com/mr-samosa-food-truck/order,4.2,₹50 for one,Fast Food
475,La Delizia,https://www.zomato.com/visakhapatnam/la-delizia-seethammadhara-vizag/order,4.7,₹50 for one,Desserts
476,Basil Cantina,https://www.zomato.com/visakhapatnam/basil-cantina-allipuram-vizag/order,3.3,₹50 for one,Continental
477,Pujaa's Kitchen,https://www.zomato.com/visakhapatnam/pujaas-kitchen-waltair-uplands-vizag/order,3.5,₹50 for one,"Fast Food, Street Food"
478,The Square - Hotel Novotel,https://www.zomato.com/visakhapatnam/the-square-hotel-novotel-maharani-peta-vizag/order,3.4,₹50 for one,"Continental, North Indian"
479,Mughal Darbar,https://www.zomato.com/visakhapatnam/mughal-darbar-mvp-colony-vizag/order,4.0,₹50 for one,"Biryani, North Indian, Mughlai"
480,SRK Parlour,https://www.zomato.com/visakhapatnam/srk-parlour-maddilapalem-vizag/order,3.4,₹50 for one,South Indian
481,Zaffran - Hotel Novotel,https://www.zomato.com/visakhapatnam/zaffran-hotel-novotel-maharani-peta-vizag/order,4.0,₹50 for one,"North Indian, South Indian"
482,Sri Lakshmi Srinivas Chicken Pakodi,https://www.zomato.com/visakhapatnam/sri-lakshmi-srinivas-chicken-pakodi-akkayyapalem-vizag/order,4.3,₹100 for one,"Andhra, Street Food"
483,Mister Softee,https://www.zomato.com/visakhapatnam/mister-softee-asilmetta-vizag/order,-,₹100 for one,"Ice Cream, Desserts, Beverages, Fast Food, Pizza, Burger, Sandwich, Shake"
484,Ramaiah Vegetarian Meals,https://www.zomato.com/visakhapatnam/ramaiah-vegetarian-meals-allipuram-vizag/order,4.0,₹100 for one,South Indian
485,Wild Burger,https://www.zomato.com/visakhapatnam/wild-burger-allipuram-vizag/order,3.1,₹100 for one,"Burger, Fast Food"
486,Teatime Zilla Parishad,https://www.zomato.com/visakhapatnam/teatime-zilla-parishad-maharani-peta-vizag/order,4.0,₹100 for one,"Tea, Beverages, Shake"
487,Sri Sairam Parlour,https://www.zomato.com/visakhapatnam/sri-sairam-parlour-asilmetta-vizag/order,3.4,₹100 for one,South Indian
488,Basil's Indochinese,https://www.zomato.com/visakhapatnam/basils-indochinese-allipuram-vizag/order,-,₹100 for one,"North Indian, Chinese, Biryani, Sichuan"
489,Pavan Putra Tea Stall,https://www.zomato.com/visakhapatnam/pavan-putra-tea-stall-2-dwaraka-nagar-vizag/order,4.3,₹100 for one,"Tea, Beverages, Fast Food, Shake"
490,V Biryani & Noodle Bar,https://www.zomato.com/visakhapatnam/v-biryani-noodle-bar-seethammadhara-vizag/order,-,₹100 for one,"Biryani, Chinese"
491,B Cafe,https://www.zomato.com/visakhapatnam/b-cafe-siripuram-vizag/order,-,₹100 for one,"Sandwich, Pasta, Fast Food"
492,The Early Bird,https://www.zomato.com/visakhapatnam/the-early-bird-lawsons-bay-vizag/order,-,₹100 for one,"Healthy Food, Sandwich, Beverages"
493,SVT Biryani,https://www.zomato.com/visakhapatnam/svt-biryani-dwaraka-nagar-vizag/order,-,₹100 for one,"Biryani, Chinese, South Indian"
494,Caffeine Street,https://www.zomato.com/visakhapatnam/caffeine-street-mvp-colony-vizag/order,4.1,₹300 for one,"Fast Food, Desserts"
495,Zero The Resto Cafe,https://www.zomato.com/visakhapatnam/zero-the-resto-cafe-lawsons-bay-vizag/order,3.1,₹300 for one,"Pizza, Biryani, Chinese, Fast Food, Desserts, Beverages, Shake"
496,Special Punjabi Rasoi,https://www.zomato.com/visakhapatnam/special-punjabi-rasoi-allipuram-vizag/order,3.9,₹300 for one,"North Indian, Chinese, Biryani"
497,BR Food's,https://www.zomato.com/visakhapatnam/br-foods-5-venkojipalem-vizag/order,-,₹300 for one,"Biryani, Street Food, Chinese, South Indian"
498,Sai Krishna Parlour,https://www.zomato.com/visakhapatnam/sai-krishna-parlour-dwaraka-nagar-vizag/order,3.3,₹300 for one,South Indian
499,My Fried & Grilled,https://www.zomato.com/visakhapatnam/my-fried-grilled-maddilapalem-vizag/order,-,₹300 for one,"Fast Food, Pizza"
500,Srikanya Comfort,https://www.zomato.com/visakhapatnam/srikanya-comfort-siripuram-vizag/order,4.3,₹300 for one,"Andhra, Biryani, Chinese, Beverages"
501,Crispy's Fried Chicken And Burger's,https://www.zomato.com/visakhapatnam/crispys-fried-chicken-and-burgers-seethammadhara-vizag/order,3.6,₹300 for one,"Roast Chicken, Burger, Pizza, Fast Food, Beverages, Shake"
